detector_type,descriptor_type,frame,no_keypoints_frame,detector_time_ms,descriptor_time_ms,no_matched_points,matching_time_ms,ttc_lidar_s,ttc_camera_s
SHITOMASI,BRISK,0,1723,8.47116500,12.47195900,0,0.00000000,0.00000000,0.00000000
SHITOMASI,BRISK,1,1759,7.98462300,12.71216700,797,9.20488600,12.29943227,12.95897117
SHITOMASI,BRISK,2,1820,8.10225400,12.84645600,779,9.60166900,12.98777737,12.41878346
SHITOMASI,BRISK,3,1850,8.31989500,13.35042300,843,10.14819100,17.26938871,12.75023759
SHITOMASI,BRISK,4,1828,7.73890100,13.04778200,792,10.18502100,13.79866612,13.32998937
SHITOMASI,BRISK,5,1806,7.69351900,12.65554900,817,9.86272900,12.85564709,12.52653591
SHITOMASI,BRISK,6,1877,7.71509500,13.09926800,805,9.85974300,13.34054193,13.52656863
SHITOMASI,BRISK,7,1894,7.74995000,13.35506700,780,10.24836800,14.45731022,13.92219179
SHITOMASI,BRISK,8,1889,7.21440100,13.23856400,850,10.53488100,13.13016586,12.06711006
SHITOMASI,BRISK,9,1917,8.00589400,13.48228800,842,10.41987700,12.34545830,11.99092075
SHITOMASI,BRISK,10,1874,7.75268600,13.05532000,832,10.38944900,12.14960324,12.41311786
SHITOMASI,BRISK,11,1912,7.72788900,13.41367300,857,10.53046100,11.54790781,11.20355563
SHITOMASI,BRISK,12,1930,7.74407800,13.48411400,849,11.21832300,10.07826007,12.49174447
SHITOMASI,BRISK,13,1881,7.77114800,13.49190000,884,10.59556000,9.20565887,13.05232492
SHITOMASI,BRISK,14,1886,7.68113900,13.19653800,889,10.57629600,9.54236248,12.56255689
SHITOMASI,BRISK,15,1957,7.62220500,14.07255500,906,11.13945500,8.39156690,12.32915027
SHITOMASI,BRISK,16,1888,7.77949200,13.32867000,878,11.00659700,8.88653053,10.54259847
SHITOMASI,BRISK,17,1919,8.06911700,13.80643100,914,10.82667100,11.04299793,12.14025135

SHITOMASI,BRIEF,0,1723,7.79894200,2.77772500,0,0.00000000,0.00000000,0.00000000
SHITOMASI,BRIEF,1,1759,7.86677900,2.80159800,1148,7.71578100,12.29943227,13.81304836
SHITOMASI,BRIEF,2,1820,7.74594400,2.82223300,1167,8.21307700,12.98777737,13.61725894
SHITOMASI,BRIEF,3,1850,7.70567700,2.87088400,1221,8.63541400,17.26938871,11.09640784
SHITOMASI,BRIEF,4,1828,7.85629300,2.87517200,1210,8.98905300,13.79866612,13.49682507
SHITOMASI,BRIEF,5,1806,7.71139900,2.76206600,1221,8.32440100,12.85564709,12.08029437
SHITOMASI,BRIEF,6,1877,7.63619100,2.82191900,1155,8.30261700,13.34054193,12.43592222
SHITOMASI,BRIEF,7,1894,7.68026900,2.90941200,1190,8.52087200,14.45731022,17.66419334
SHITOMASI,BRIEF,8,1889,7.91803700,2.89284000,1214,8.43951800,13.13016586,11.62925963
SHITOMASI,BRIEF,9,1917,7.68626800,2.85869900,1205,8.60866200,12.34545830,11.27882694
SHITOMASI,BRIEF,10,1874,8.04514600,2.89554000,1187,8.58457400,12.14960324,12.08828776
SHITOMASI,BRIEF,11,1912,7.70471000,2.87116400,1193,8.65173000,11.54790781,12.17943738
SHITOMASI,BRIEF,12,1930,7.74341200,2.86915100,1239,9.16637700,10.07826007,11.02964013
SHITOMASI,BRIEF,13,1881,7.70304200,2.84153600,1250,8.68021300,9.20565887,12.26612354
SHITOMASI,BRIEF,14,1886,7.54233100,3.10370100,1248,8.71456300,9.54236248,11.42603786
SHITOMASI,BRIEF,15,1957,8.16337300,3.14338200,1262,8.99721300,8.39156690,12.36849434
SHITOMASI,BRIEF,16,1888,7.74699500,2.85371800,1281,9.05937100,8.88653053,11.80890738
SHITOMASI,BRIEF,17,1919,7.83686100,3.10815700,1270,9.26367700,11.04299793,10.43208194

SHITOMASI,ORB,0,1723,7.63722300,4.07831600,0,0.00000000,0.00000000,0.00000000
SHITOMASI,ORB,1,1759,7.55720300,3.39844400,1032,7.59469600,12.29943227,12.79511150
SHITOMASI,ORB,2,1820,7.60018000,3.48051000,1056,7.93447200,12.98777737,13.03050386
SHITOMASI,ORB,3,1850,7.68614100,3.51039200,1118,8.36282700,17.26938871,13.24827908
SHITOMASI,ORB,4,1828,7.61455200,3.47928200,1084,8.40982700,13.79866612,12.10464664
SHITOMASI,ORB,5,1806,7.68428100,3.51357300,1079,8.11533300,12.85564709,11.84801210
SHITOMASI,ORB,6,1877,7.71385300,3.46024000,1064,8.07019100,13.34054193,13.47610999
SHITOMASI,ORB,7,1894,7.91943000,3.75518500,1063,8.56278400,14.45731022,14.07616047
SHITOMASI,ORB,8,1889,7.72478900,3.55044100,1097,8.27382300,13.13016586,11.63292602
SHITOMASI,ORB,9,1917,7.77612400,3.49862900,1081,8.46209700,12.34545830,11.64206086
SHITOMASI,ORB,10,1874,7.61873400,3.48411700,1053,8.18991200,12.14960324,13.83256502
SHITOMASI,ORB,11,1912,7.70999800,3.51729100,1060,8.53012800,11.54790781,11.32800250
SHITOMASI,ORB,12,1930,7.64105700,3.53288700,1092,8.60842700,10.07826007,11.82271520
SHITOMASI,ORB,13,1881,7.60376400,3.47101500,1107,8.48481800,9.20565887,12.65315048
SHITOMASI,ORB,14,1886,7.70313500,3.49035800,1077,8.81503900,9.54236248,11.70340432
SHITOMASI,ORB,15,1957,7.71908300,3.52923700,1112,8.62196500,8.39156690,10.51516622
SHITOMASI,ORB,16,1888,7.91729100,3.62779400,1137,8.70237600,8.88653053,10.44976190
SHITOMASI,ORB,17,1919,8.05599400,3.53149400,1167,8.68241000,11.04299793,11.62245663

SHITOMASI,FREAK,0,1723,7.72274500,23.63820900,0,0.00000000,0.00000000,0.00000000
SHITOMASI,FREAK,1,1759,7.76739400,22.77906800,812,8.39168100,12.29943227,13.34047156
SHITOMASI,FREAK,2,1820,7.66049800,23.39885900,814,9.49541300,12.98777737,12.41946776
SHITOMASI,FREAK,3,1850,7.62629300,23.12984800,878,9.49849900,17.26938871,12.26365944
SHITOMASI,FREAK,4,1828,7.69486400,23.03583100,851,9.46489000,13.79866612,13.28082512
SHITOMASI,FREAK,5,1806,7.62034400,23.25062500,874,9.04068500,12.85564709,11.90719002
SHITOMASI,FREAK,6,1877,8.26809800,23.35019000,845,9.24881000,13.34054193,14.45679631
SHITOMASI,FREAK,7,1894,7.63420400,23.07159800,831,9.46890900,14.45731022,13.31839242
SHITOMASI,FREAK,8,1889,7.59035800,23.62575900,870,9.19721900,13.13016586,11.34419683
SHITOMASI,FREAK,9,1917,11.67994500,32.23570800,863,11.22075000,12.34545830,11.64206086
SHITOMASI,FREAK,10,1874,7.55563200,22.90545200,860,9.58795500,12.14960324,12.26131957
SHITOMASI,FREAK,11,1912,7.77125100,23.43440500,861,9.94241600,11.54790781,12.15317675
SHITOMASI,FREAK,12,1930,7.66704600,23.76775500,885,10.14793700,10.07826007,11.73905348
SHITOMASI,FREAK,13,1881,7.67557500,22.79935300,880,10.15192200,9.20565887,13.40992126
SHITOMASI,FREAK,14,1886,8.04946500,24.01172500,886,9.98997500,9.54236248,11.88132472
SHITOMASI,FREAK,15,1957,7.62541700,23.73555700,892,10.33815800,8.39156690,10.81112248
SHITOMASI,FREAK,16,1888,7.57458500,23.35896100,899,10.06108100,8.88653053,10.55071655
SHITOMASI,FREAK,17,1919,7.85779600,23.32388500,949,10.19215400,11.04299793,12.23983807

SHITOMASI,AKAZE,0,0,0.00000000,0.00000000,0,0.00000000,0.00000000,0.00000000
SHITOMASI,AKAZE,1,0,0.00000000,0.00000000,0,0.00000000,0.00000000,0.00000000
SHITOMASI,AKAZE,2,0,0.00000000,0.00000000,0,0.00000000,0.00000000,0.00000000
SHITOMASI,AKAZE,3,0,0.00000000,0.00000000,0,0.00000000,0.00000000,0.00000000
SHITOMASI,AKAZE,4,0,0.00000000,0.00000000,0,0.00000000,0.00000000,0.00000000
SHITOMASI,AKAZE,5,0,0.00000000,0.00000000,0,0.00000000,0.00000000,0.00000000
SHITOMASI,AKAZE,6,0,0.00000000,0.00000000,0,0.00000000,0.00000000,0.00000000
SHITOMASI,AKAZE,7,0,0.00000000,0.00000000,0,0.00000000,0.00000000,nan
SHITOMASI,AKAZE,8,0,0.00000000,0.00000000,0,0.00000000,0.00000000,0.00000000
SHITOMASI,AKAZE,9,0,0.00000000,0.00000000,0,0.00000000,0.00000000,0.00000000
SHITOMASI,AKAZE,10,0,0.00000000,0.00000000,0,0.00000000,0.00000000,0.00000000
SHITOMASI,AKAZE,11,0,0.00000000,0.00000000,0,0.00000000,0.00000000,0.00000000
SHITOMASI,AKAZE,12,0,0.00000000,0.00000000,0,0.00000000,0.00000000,0.00000000
SHITOMASI,AKAZE,13,0,0.00000000,0.00000000,0,0.00000000,0.00000000,0.00000000
SHITOMASI,AKAZE,14,0,0.00000000,0.00000000,0,0.00000000,0.00000000,0.00000000
SHITOMASI,AKAZE,15,0,0.00000000,0.00000000,0,0.00000000,0.00000000,0.00000000
SHITOMASI,AKAZE,16,0,0.00000000,0.00000000,0,0.00000000,0.00000000,0.00000000
SHITOMASI,AKAZE,17,0,0.00000000,0.00000000,0,0.00000000,0.00000000,0.00000000

SHITOMASI,SIFT,0,1723,7.63301000,17.30338600,0,0.00000000,0.00000000,0.00000000
SHITOMASI,SIFT,1,1759,7.47888900,18.79463700,1260,17.24405600,12.29943227,12.79752325
SHITOMASI,SIFT,2,1820,7.46276400,18.24561000,1257,18.79104600,12.98777737,12.67063680
SHITOMASI,SIFT,3,1850,7.49355300,18.13185100,1321,19.88658700,17.26938871,12.00864435
SHITOMASI,SIFT,4,1828,7.56989200,18.68007000,1344,19.85455500,13.79866612,12.26131957
SHITOMASI,SIFT,5,1806,7.54389800,19.07981500,1324,19.06516500,12.85564709,11.92129955
SHITOMASI,SIFT,6,1877,7.54347000,18.65555500,1287,19.68611200,13.34054193,12.88821681
SHITOMASI,SIFT,7,1894,7.62521300,18.77458500,1310,20.94565000,14.45731022,12.92512113
SHITOMASI,SIFT,8,1889,7.46657100,18.58041400,1337,21.65004700,13.13016586,11.83517778
SHITOMASI,SIFT,9,1917,7.54298000,18.70937500,1334,21.35678400,12.34545830,11.70219112
SHITOMASI,SIFT,10,1874,7.51134100,18.56696500,1324,21.25560100,12.14960324,12.73760938
SHITOMASI,SIFT,11,1912,7.47444200,18.25730500,1299,20.89398400,11.54790781,11.42377314
SHITOMASI,SIFT,12,1930,7.48593400,18.56449700,1356,21.37541600,10.07826007,11.61177657
SHITOMASI,SIFT,13,1881,7.59485500,18.48245900,1372,21.08985600,9.20565887,12.85613040
SHITOMASI,SIFT,14,1886,7.44365400,18.26119800,1359,20.78137100,9.54236248,11.21822116
SHITOMASI,SIFT,15,1957,7.27111000,19.01543900,1400,21.44703100,8.39156690,10.43881638
SHITOMASI,SIFT,16,1888,7.48701400,18.53723600,1425,21.11028900,8.88653053,10.44976190
SHITOMASI,SIFT,17,1919,7.56134900,18.99065100,1442,20.73029100,11.04299793,11.65493663

HARRIS,BRISK,0,115,8.29365800,1.30828200,0,0.00000000,0.00000000,0.00000000
HARRIS,BRISK,1,209,9.65537600,1.97212100,74,0.20289600,12.29943227,nan
HARRIS,BRISK,2,114,8.35263100,1.31184700,91,0.24594200,12.98777737,10.58599631
HARRIS,BRISK,3,178,9.15203800,1.81672900,76,0.18527400,17.26938871,-80.85253316
HARRIS,BRISK,4,250,10.57282800,2.23697400,109,0.27627900,13.79866612,11.39514742
HARRIS,BRISK,5,241,10.40734800,2.13387000,134,0.36383400,12.85564709,13.27177312
HARRIS,BRISK,6,259,10.73729600,2.32019500,124,0.37284400,13.34054193,nan
HARRIS,BRISK,7,272,11.43896900,2.45734800,144,0.38848400,14.45731022,11.92449636
HARRIS,BRISK,8,193,9.25830700,1.94588200,124,0.36160800,13.13016586,11.49488302
HARRIS,BRISK,9,129,8.42831100,1.54147700,93,0.23381500,12.34545830,nan
HARRIS,BRISK,10,248,10.86857900,2.25766600,77,0.24456200,12.14960324,-inf
HARRIS,BRISK,11,147,8.73163800,1.52930500,101,0.30140600,11.54790781,11.43768348
HARRIS,BRISK,12,168,9.14147200,1.77871700,87,0.25277600,10.07826007,nan
HARRIS,BRISK,13,181,9.29128100,1.82208100,101,0.27144500,9.20565887,13.35505098
HARRIS,BRISK,14,144,8.84300300,1.98526500,99,0.26097700,9.54236248,12.43935806
HARRIS,BRISK,15,243,11.03100700,2.20510100,89,0.23927200,8.39156690,-inf
HARRIS,BRISK,16,213,10.08493800,1.98619600,126,0.38562300,8.88653053,10.96456895
HARRIS,BRISK,17,126,8.47147800,1.45841500,89,0.27116300,11.04299793,nan

HARRIS,BRIEF,0,115,8.21232200,0.48865300,0,0.00000000,0.00000000,0.00000000
HARRIS,BRIEF,1,209,9.88375400,0.64867400,95,0.21083900,12.29943227,8.81335430
HARRIS,BRIEF,2,114,8.33802600,0.47408600,120,0.20033800,12.98777737,11.00814496
HARRIS,BRIEF,3,178,8.96135400,0.68461200,95,0.18044100,17.26938871,nan
HARRIS,BRIEF,4,250,10.66129900,0.81247500,146,0.34694800,13.79866612,12.62898292
HARRIS,BRIEF,5,241,10.38358900,0.72947000,180,0.34490500,12.85564709,12.87951679
HARRIS,BRIEF,6,259,10.75796400,0.74859300,174,0.33709300,13.34054193,13.62170469
HARRIS,BRIEF,7,272,11.55994300,0.77613400,193,0.36960100,14.45731022,12.20000000
HARRIS,BRIEF,8,193,9.38277300,0.62235600,174,0.33433400,13.13016586,12.94382585
HARRIS,BRIEF,9,129,8.46504900,0.52347800,122,0.22838200,12.34545830,nan
HARRIS,BRIEF,10,248,10.96830500,0.76804500,109,0.23488400,12.14960324,10.29310805
HARRIS,BRIEF,11,147,8.96689700,0.54796900,142,0.25305100,11.54790781,nan
HARRIS,BRIEF,12,168,9.13338800,0.56849200,116,0.20373100,10.07826007,nan
HARRIS,BRIEF,13,181,9.25494100,0.67062500,131,0.24398000,9.20565887,13.35505098
HARRIS,BRIEF,14,144,8.72587800,0.62069400,130,0.22419600,9.54236248,nan
HARRIS,BRIEF,15,243,10.89178500,0.81535700,121,0.25800900,8.39156690,-inf
HARRIS,BRIEF,16,213,10.16629100,0.65096200,174,0.31977200,8.88653053,6.33866249
HARRIS,BRIEF,17,126,8.48994900,0.51410100,132,0.24355100,11.04299793,12.66117266

HARRIS,ORB,0,115,8.29722400,1.87699100,0,0.00000000,0.00000000,0.00000000
HARRIS,ORB,1,209,9.97322500,1.95905300,93,0.20417400,12.29943227,10.90821935
HARRIS,ORB,2,114,8.49819000,1.84705600,105,0.21587300,12.98777737,11.00814496
HARRIS,ORB,3,178,9.06679800,1.91720800,94,0.19486400,17.26938871,-22.94629126
HARRIS,ORB,4,250,10.56353400,1.96195600,134,0.29553000,13.79866612,12.62898292
HARRIS,ORB,5,241,10.50573200,1.99978700,174,0.32541900,12.85564709,19.21593711
HARRIS,ORB,6,259,10.96602400,2.00189200,157,0.30551900,13.34054193,14.96329096
HARRIS,ORB,7,272,11.55882100,1.98921100,181,0.35426900,14.45731022,12.27923446
HARRIS,ORB,8,193,9.43433600,1.98323900,154,0.33595900,13.13016586,27.14083141
HARRIS,ORB,9,129,8.58362300,1.91738000,109,0.23155900,12.34545830,nan
HARRIS,ORB,10,248,10.87259900,2.04507900,97,0.21647100,12.14960324,20.58621609
HARRIS,ORB,11,147,8.72334800,1.97468500,127,0.26626000,11.54790781,11.21422250
HARRIS,ORB,12,168,9.08024700,1.94189700,109,0.23680300,10.07826007,23.90711484
HARRIS,ORB,13,181,9.22399300,1.95725600,126,0.27118300,9.20565887,13.45603251
HARRIS,ORB,14,144,8.79557700,1.93295300,117,0.24276900,9.54236248,5.85827701
HARRIS,ORB,15,243,11.00839700,1.99526300,110,0.24994100,8.39156690,-11.52183448
HARRIS,ORB,16,213,10.03084700,2.09002700,154,0.29444700,8.88653053,6.48965339
HARRIS,ORB,17,126,8.89793100,1.90146900,113,0.25957000,11.04299793,nan

HARRIS,FREAK,0,115,8.17202800,16.49634700,0,0.00000000,0.00000000,0.00000000
HARRIS,FREAK,1,209,9.97201100,16.88052400,78,0.22787000,12.29943227,8.75397143
HARRIS,FREAK,2,114,8.35504900,16.35467900,96,0.20963300,12.98777737,nan
HARRIS,FREAK,3,178,9.63344600,17.12136000,79,0.22838800,17.26938871,nan
HARRIS,FREAK,4,250,10.62376500,17.27915400,103,0.33868800,13.79866612,12.62898292
HARRIS,FREAK,5,241,10.41387700,17.11167400,138,0.38634800,12.85564709,44.91661107
HARRIS,FREAK,6,259,10.96414500,16.89362900,124,0.39708100,13.34054193,nan
HARRIS,FREAK,7,272,11.98108000,17.48448500,128,0.39002900,14.45731022,11.09242966
HARRIS,FREAK,8,193,10.88790500,17.23836500,131,0.34895300,13.13016586,12.37254553
HARRIS,FREAK,9,129,8.49831900,16.71448700,88,0.22993100,12.34545830,nan
HARRIS,FREAK,10,248,10.67684700,16.84453800,74,0.27898300,12.14960324,20.58621609
HARRIS,FREAK,11,147,8.77241100,16.49156500,102,0.30569000,11.54790781,11.81350235
HARRIS,FREAK,12,168,9.18661700,16.70281400,88,0.28379100,10.07826007,10.10152497
HARRIS,FREAK,13,181,9.25788200,16.70418600,103,0.24455300,9.20565887,nan
HARRIS,FREAK,14,144,8.64845000,16.60986600,102,0.23910100,9.54236248,12.43935806
HARRIS,FREAK,15,243,10.83762800,16.84790800,87,0.25969500,8.39156690,-inf
HARRIS,FREAK,16,213,10.03837100,17.03523700,128,0.31934700,8.88653053,7.80995652
HARRIS,FREAK,17,126,8.47649300,16.53827400,92,0.23410900,11.04299793,nan

HARRIS,AKAZE,0,0,0.00000000,0.00000000,0,0.00000000,0.00000000,0.00000000
HARRIS,AKAZE,1,0,0.00000000,0.00000000,0,0.00000000,0.00000000,0.00000000
HARRIS,AKAZE,2,0,0.00000000,0.00000000,0,0.00000000,0.00000000,0.00000000
HARRIS,AKAZE,3,0,0.00000000,0.00000000,0,0.00000000,0.00000000,0.00000000
HARRIS,AKAZE,4,0,0.00000000,0.00000000,0,0.00000000,0.00000000,0.00000000
HARRIS,AKAZE,5,0,0.00000000,0.00000000,0,0.00000000,0.00000000,0.00000000
HARRIS,AKAZE,6,0,0.00000000,0.00000000,0,0.00000000,0.00000000,0.00000000
HARRIS,AKAZE,7,0,0.00000000,0.00000000,0,0.00000000,0.00000000,nan
HARRIS,AKAZE,8,0,0.00000000,0.00000000,0,0.00000000,0.00000000,0.00000000
HARRIS,AKAZE,9,0,0.00000000,0.00000000,0,0.00000000,0.00000000,0.00000000
HARRIS,AKAZE,10,0,0.00000000,0.00000000,0,0.00000000,0.00000000,0.00000000
HARRIS,AKAZE,11,0,0.00000000,0.00000000,0,0.00000000,0.00000000,0.00000000
HARRIS,AKAZE,12,0,0.00000000,0.00000000,0,0.00000000,0.00000000,0.00000000
HARRIS,AKAZE,13,0,0.00000000,0.00000000,0,0.00000000,0.00000000,0.00000000
HARRIS,AKAZE,14,0,0.00000000,0.00000000,0,0.00000000,0.00000000,0.00000000
HARRIS,AKAZE,15,0,0.00000000,0.00000000,0,0.00000000,0.00000000,0.00000000
HARRIS,AKAZE,16,0,0.00000000,0.00000000,0,0.00000000,0.00000000,0.00000000
HARRIS,AKAZE,17,0,0.00000000,0.00000000,0,0.00000000,0.00000000,0.00000000

HARRIS,SIFT,0,115,8.26463600,9.79945500,0,0.00000000,0.00000000,0.00000000
HARRIS,SIFT,1,209,9.77686700,12.27942900,98,0.30360600,12.29943227,8.69538343
HARRIS,SIFT,2,114,8.17356800,11.03694900,120,0.29268900,12.98777737,10.58599631
HARRIS,SIFT,3,178,9.05809000,11.81992200,104,0.28577800,17.26938871,-11.47314563
HARRIS,SIFT,4,250,10.41275700,13.22589600,147,0.43837400,13.79866612,12.75019685
HARRIS,SIFT,5,241,10.30968500,12.38433500,200,0.55202300,12.85564709,37.38090666
HARRIS,SIFT,6,259,10.57531500,11.97165200,196,0.61160900,13.34054193,12.99448920
HARRIS,SIFT,7,272,11.22871800,12.29959400,202,0.72930100,14.45731022,12.39712425
HARRIS,SIFT,8,193,11.27294100,15.42901600,192,0.59685700,13.13016586,10.73348909
HARRIS,SIFT,9,129,8.38542700,11.42953600,123,0.30634800,12.34545830,nan
HARRIS,SIFT,10,248,10.73296600,12.60700900,117,0.37054900,12.14960324,nan
HARRIS,SIFT,11,147,8.62329400,11.62411300,148,0.37735000,11.54790781,nan
HARRIS,SIFT,12,168,9.13258300,11.62551600,120,0.29819300,10.07826007,nan
HARRIS,SIFT,13,181,9.17538800,11.99797700,137,0.34481200,9.20565887,13.35505098
HARRIS,SIFT,14,144,8.74222800,11.47360600,138,0.31988600,9.54236248,nan
HARRIS,SIFT,15,243,10.66569000,12.46125100,127,0.37907300,8.39156690,nan
HARRIS,SIFT,16,213,9.94753900,12.70872400,188,0.49959600,8.88653053,6.60338365
HARRIS,SIFT,17,126,8.44310300,10.76682200,127,0.34115700,11.04299793,nan

FAST,BRISK,0,1864,0.70327900,14.09258400,0,0.00000000,0.00000000,0.00000000
FAST,BRISK,1,1898,0.69049200,13.69715800,1023,11.35423400,12.29943227,13.24183299
FAST,BRISK,2,1865,0.68143700,13.69829300,994,11.15428300,12.98777737,11.93806692
FAST,BRISK,3,1840,0.70335200,13.44539300,962,10.83684400,17.26938871,12.75691776
FAST,BRISK,4,1867,1.72368600,13.60918200,960,10.91912800,13.79866612,12.68392690
FAST,BRISK,5,1876,0.67383900,13.53605300,1016,11.13516600,12.85564709,11.85062326
FAST,BRISK,6,1843,0.67128700,13.24184900,969,10.98902200,13.34054193,12.04043152
FAST,BRISK,7,1829,0.69846600,13.18030200,917,10.63098600,14.45731022,11.45875138
FAST,BRISK,8,1843,0.69697300,13.49025100,925,10.62940100,13.13016586,11.57513057
FAST,BRISK,9,1818,0.68591100,13.19287800,927,10.36523400,12.34545830,12.06665866
FAST,BRISK,10,1879,0.73407900,13.46329500,956,10.45445300,12.14960324,11.39058865
FAST,BRISK,11,1849,0.70890200,13.33890300,954,10.85678600,11.54790781,12.38367648
FAST,BRISK,12,1826,0.68584900,13.08620800,965,10.64830500,10.07826007,12.61264842
FAST,BRISK,13,1842,0.73345100,13.21464800,966,10.56364200,9.20565887,12.77069053
FAST,BRISK,14,1833,0.70302100,13.19217100,998,10.67548400,9.54236248,12.30502778
FAST,BRISK,15,1921,0.72589400,13.94144100,1004,11.39173700,8.39156690,12.61353007
FAST,BRISK,16,1934,0.73278800,14.09415500,1037,11.75470900,8.88653053,12.19959015
FAST,BRISK,17,1946,0.71067100,14.00921800,1095,11.74736000,11.04299793,6.97050721

FAST,BRIEF,0,1864,0.67089200,3.38219300,0,0.00000000,0.00000000,0.00000000
FAST,BRIEF,1,1898,0.69587100,3.43235300,1305,10.42860800,12.29943227,10.39335036
FAST,BRIEF,2,1865,0.67888000,3.38724800,1333,10.09195500,12.98777737,12.42841601
FAST,BRIEF,3,1840,0.68972900,3.40595200,1308,9.97668900,17.26938871,12.78876110
FAST,BRIEF,4,1867,0.70331400,3.51015500,1252,9.69093000,13.79866612,12.66319080
FAST,BRIEF,5,1876,0.69732800,3.37711300,1284,9.69454400,12.85564709,16.22879379
FAST,BRIEF,6,1843,0.68680700,3.38135500,1274,9.66015200,13.34054193,12.18230591
FAST,BRIEF,7,1829,0.67483300,3.23873100,1242,9.25658200,14.45731022,10.97363108
FAST,BRIEF,8,1843,0.67500200,3.26256900,1237,9.17385400,13.13016586,12.25224576
FAST,BRIEF,9,1818,0.69014000,3.27270000,1277,9.43580500,12.34545830,13.19617142
FAST,BRIEF,10,1879,0.71860300,3.37708200,1237,9.25782500,12.14960324,12.10329224
FAST,BRIEF,11,1849,0.70676200,3.35939100,1252,9.41802100,11.54790781,13.78754827
FAST,BRIEF,12,1826,0.68752300,3.19817600,1275,9.19110500,10.07826007,12.42583648
FAST,BRIEF,13,1842,0.68781800,3.31959200,1246,9.17107100,9.20565887,12.57968253
FAST,BRIEF,14,1833,0.71650900,3.37680400,1265,9.16204000,9.54236248,10.85952694
FAST,BRIEF,15,1921,0.70448700,3.28511000,1238,10.08108300,8.39156690,12.41946776
FAST,BRIEF,16,1934,0.72481400,3.47782700,1297,9.95331400,8.88653053,11.84116160
FAST,BRIEF,17,1946,0.71311000,3.37166500,1348,10.00789800,11.04299793,10.62119430

FAST,ORB,0,1864,0.69039300,3.75731000,0,0.00000000,0.00000000,0.00000000
FAST,ORB,1,1898,0.66922200,3.86757900,1226,9.70191500,12.29943227,11.18968789
FAST,ORB,2,1865,0.67808600,3.82034900,1245,9.72770400,12.98777737,12.75708956
FAST,ORB,3,1840,0.68338100,3.69036300,1235,9.55259500,17.26938871,13.08092072
FAST,ORB,4,1867,0.63893100,3.61225500,1179,9.47595800,13.79866612,12.51391585
FAST,ORB,5,1876,0.69389100,3.79248900,1230,9.87492100,12.85564709,13.09075681
FAST,ORB,6,1843,0.66348400,3.78340300,1184,9.25929000,13.34054193,12.46415000
FAST,ORB,7,1829,0.70621000,3.76492400,1143,8.99129900,14.45731022,11.44879736
FAST,ORB,8,1843,0.67413100,3.69859200,1163,9.10937300,13.13016586,11.41637452
FAST,ORB,9,1818,0.68784000,3.71379900,1180,9.41247100,12.34545830,12.91235540
FAST,ORB,10,1879,0.73555500,3.95992800,1142,9.22156000,12.14960324,13.01790975
FAST,ORB,11,1849,0.69760500,3.77370300,1166,9.21022900,11.54790781,12.95088640
FAST,ORB,12,1826,0.70922800,3.74856500,1175,8.96977900,10.07826007,13.40418681
FAST,ORB,13,1842,0.69389600,3.68319800,1161,8.81297300,9.20565887,12.99343768
FAST,ORB,14,1833,0.72243200,3.70844400,1161,8.80267000,9.54236248,12.41452935
FAST,ORB,15,1921,0.72298700,3.73592700,1161,9.10759400,8.39156690,11.65931244
FAST,ORB,16,1934,0.71081400,3.77702000,1216,9.54052100,8.88653053,12.65709071
FAST,ORB,17,1946,0.71362500,3.80340700,1245,9.67236200,11.04299793,9.69769675

FAST,FREAK,0,1864,0.70642100,23.78711400,0,0.00000000,0.00000000,0.00000000
FAST,FREAK,1,1898,0.67951500,24.05018900,959,10.47074400,12.29943227,11.93012605
FAST,FREAK,2,1865,0.69946600,23.88004900,950,10.74033800,12.98777737,12.58668048
FAST,FREAK,3,1840,0.67558500,23.58766900,944,10.49637100,17.26938871,13.98111953
FAST,FREAK,4,1867,0.67148500,23.41155900,889,10.39611800,13.79866612,13.18179487
FAST,FREAK,5,1876,0.69636900,23.75995600,969,10.51859800,12.85564709,11.96019184
FAST,FREAK,6,1843,1.71569500,23.91721200,917,10.31020300,13.34054193,12.00864435
FAST,FREAK,7,1829,0.69814900,23.80917400,886,10.07383600,14.45731022,10.85952694
FAST,FREAK,8,1843,0.67374800,23.15643000,883,9.91867000,13.13016586,12.37703460
FAST,FREAK,9,1818,0.68014700,23.59255800,865,9.86674400,12.34545830,12.71383575
FAST,FREAK,10,1879,0.69164300,23.58812900,897,10.00212300,12.14960324,14.10309150
FAST,FREAK,11,1849,0.69048300,23.86781300,930,10.20916800,11.54790781,13.50114504
FAST,FREAK,12,1826,0.68757800,23.31348200,898,10.35653100,10.07826007,12.55950638
FAST,FREAK,13,1842,0.71474400,23.48266400,923,9.97913500,9.20565887,12.64769059
FAST,FREAK,14,1833,0.70873700,23.34605800,952,10.01305600,9.54236248,11.91905520
FAST,FREAK,15,1921,0.70628600,23.95666400,930,10.45204400,8.39156690,12.49469867
FAST,FREAK,16,1934,0.71157000,23.72745700,957,11.12618900,8.88653053,11.99092075
FAST,FREAK,17,1946,0.71420200,24.00182700,1011,10.85918100,11.04299793,10.35443261

FAST,AKAZE,0,0,0.00000000,0.00000000,0,0.00000000,0.00000000,0.00000000
FAST,AKAZE,1,0,0.00000000,0.00000000,0,0.00000000,0.00000000,0.00000000
FAST,AKAZE,2,0,0.00000000,0.00000000,0,0.00000000,0.00000000,0.00000000
FAST,AKAZE,3,0,0.00000000,0.00000000,0,0.00000000,0.00000000,0.00000000
FAST,AKAZE,4,0,0.00000000,0.00000000,0,0.00000000,0.00000000,0.00000000
FAST,AKAZE,5,0,0.00000000,0.00000000,0,0.00000000,0.00000000,0.00000000
FAST,AKAZE,6,0,0.00000000,0.00000000,0,0.00000000,0.00000000,0.00000000
FAST,AKAZE,7,0,0.00000000,0.00000000,0,0.00000000,0.00000000,nan
FAST,AKAZE,8,0,0.00000000,0.00000000,0,0.00000000,0.00000000,0.00000000
FAST,AKAZE,9,0,0.00000000,0.00000000,0,0.00000000,0.00000000,0.00000000
FAST,AKAZE,10,0,0.00000000,0.00000000,0,0.00000000,0.00000000,0.00000000
FAST,AKAZE,11,0,0.00000000,0.00000000,0,0.00000000,0.00000000,0.00000000
FAST,AKAZE,12,0,0.00000000,0.00000000,0,0.00000000,0.00000000,0.00000000
FAST,AKAZE,13,0,0.00000000,0.00000000,0,0.00000000,0.00000000,0.00000000
FAST,AKAZE,14,0,0.00000000,0.00000000,0,0.00000000,0.00000000,0.00000000
FAST,AKAZE,15,0,0.00000000,0.00000000,0,0.00000000,0.00000000,0.00000000
FAST,AKAZE,16,0,0.00000000,0.00000000,0,0.00000000,0.00000000,0.00000000
FAST,AKAZE,17,0,0.00000000,0.00000000,0,0.00000000,0.00000000,0.00000000

FAST,SIFT,0,1864,0.67406200,32.45436500,0,0.00000000,0.00000000,0.00000000
FAST,SIFT,1,1898,0.71439300,34.36625900,1424,20.46175700,12.29943227,11.78184612
FAST,SIFT,2,1865,0.67957200,32.80939900,1446,20.02863700,12.98777737,12.67905261
FAST,SIFT,3,1840,0.69624900,32.42211900,1383,20.21199600,17.26938871,13.05534283
FAST,SIFT,4,1867,0.69382600,32.68552200,1389,20.36298500,13.79866612,13.66115370
FAST,SIFT,5,1876,0.68586700,32.83550500,1449,20.70850300,12.85564709,13.24825559
FAST,SIFT,6,1843,0.67623100,33.85586200,1425,20.20919500,13.34054193,12.55857871
FAST,SIFT,7,1829,0.70322200,33.11692400,1377,19.07879800,14.45731022,11.86201720
FAST,SIFT,8,1843,0.71243400,33.40999200,1345,19.27735000,13.13016586,12.17888298
FAST,SIFT,9,1818,0.68587500,32.28552200,1385,19.33788500,12.34545830,14.24401597
FAST,SIFT,10,1879,0.73658000,33.14801800,1392,19.66626000,12.14960324,13.55977941
FAST,SIFT,11,1849,0.68781600,32.73494900,1350,19.91715800,11.54790781,12.62389181
FAST,SIFT,12,1826,0.70116300,32.26301400,1368,19.36205400,10.07826007,12.37254553
FAST,SIFT,13,1842,0.68298000,32.34193300,1368,19.32662100,9.20565887,12.79490341
FAST,SIFT,14,1833,0.72073900,32.20833200,1386,19.50668700,9.54236248,11.78515994
FAST,SIFT,15,1921,0.72066600,33.45322700,1386,20.87392000,8.39156690,10.81824288
FAST,SIFT,16,1934,0.70624000,33.24492100,1446,21.65992500,8.88653053,11.76765476
FAST,SIFT,17,1946,0.71425000,33.87468100,1445,22.40888300,11.04299793,11.27758679

BRISK,BRISK,0,2896,36.07507400,24.90758200,0,0.00000000,0.00000000,0.00000000
BRISK,BRISK,1,3000,36.56322900,23.82838200,1578,28.68136100,12.29943227,13.04720237
BRISK,BRISK,2,2974,36.14509600,22.96110600,1631,29.36598200,12.98777737,21.73569119
BRISK,BRISK,3,2953,37.64114900,22.83170300,1589,28.56486200,17.26938871,14.17984849
BRISK,BRISK,4,2855,35.45142500,22.78565100,1510,27.58040200,13.79866612,15.07530943
BRISK,BRISK,5,2906,36.19051600,23.03650800,1497,27.12282800,12.85564709,33.69703354
BRISK,BRISK,6,2886,36.36047300,23.17496000,1525,27.42562800,13.34054193,16.93104295
BRISK,BRISK,7,2886,36.60998100,22.28786000,1500,27.14669100,14.45731022,14.60132853
BRISK,BRISK,8,2893,36.58946000,22.23886100,1494,27.69797600,13.13016586,14.19895648
BRISK,BRISK,9,2930,37.44281100,22.95932300,1529,28.09772300,12.34545830,11.63182738
BRISK,BRISK,10,3022,37.75220000,23.29945400,1497,28.78138800,12.14960324,11.48963507
BRISK,BRISK,11,3013,37.33088200,23.22642300,1564,29.54440000,11.54790781,12.90019653
BRISK,BRISK,12,2949,36.81611300,22.81807000,1562,28.96690300,10.07826007,11.97659189
BRISK,BRISK,13,3012,37.68074300,23.08969900,1553,28.83347500,9.20565887,10.89765191
BRISK,BRISK,14,3026,37.83373000,24.14030100,1588,29.57621800,9.54236248,13.58919212
BRISK,BRISK,15,3074,38.48887200,23.68103300,1682,30.52565700,8.39156690,11.37447721
BRISK,BRISK,16,3131,39.14407100,23.98224600,1687,31.69262000,8.88653053,11.62076563
BRISK,BRISK,17,3135,39.43676500,24.42852500,1682,32.32119100,11.04299793,10.10863307

BRISK,BRIEF,0,2896,35.83942600,5.04900900,0,0.00000000,0.00000000,0.00000000
BRISK,BRIEF,1,3000,36.68879800,4.76793200,1702,26.94224300,12.29943227,10.96348942
BRISK,BRIEF,2,2974,36.19524200,4.87911400,1777,27.48608100,12.98777737,15.07603735
BRISK,BRIEF,3,2953,36.45901300,4.74230800,1805,27.27902800,17.26938871,10.81633291
BRISK,BRIEF,4,2855,35.40350100,4.64008900,1705,26.28298100,13.79866612,22.77334744
BRISK,BRIEF,5,2906,35.81009300,4.83062100,1715,25.68885200,12.85564709,18.60348687
BRISK,BRIEF,6,2886,36.28183400,4.69898200,1747,25.58352900,13.34054193,16.34455426
BRISK,BRIEF,7,2886,35.98824600,4.83825900,1678,32.50771100,14.45731022,14.32120476
BRISK,BRIEF,8,2893,36.79319800,4.57874200,1675,25.55175700,13.13016586,18.33852993
BRISK,BRIEF,9,2930,37.16440100,4.60323500,1737,26.11369100,12.34545830,14.46728983
BRISK,BRIEF,10,3022,38.09886700,4.75734900,1708,27.43068600,12.14960324,9.81455211
BRISK,BRIEF,11,3013,37.76483300,4.89049300,1741,28.19117400,11.54790781,14.66262544
BRISK,BRIEF,12,2949,37.36230200,4.77473200,1742,27.28159200,10.07826007,12.40200809
BRISK,BRIEF,13,3012,37.59262900,4.80008100,1721,27.37170300,9.20565887,11.42691373
BRISK,BRIEF,14,3026,37.67273400,4.86632300,1764,28.07124000,9.54236248,10.83096057
BRISK,BRIEF,15,3074,38.08772500,4.96009100,1850,28.14027500,8.39156690,10.47515964
BRISK,BRIEF,16,3131,38.59931400,4.95700500,1838,28.98651100,8.88653053,12.12555531
BRISK,BRIEF,17,3135,38.95072400,4.98458300,1908,29.79794000,11.04299793,10.42298678

BRISK,ORB,0,2896,35.53498900,9.39117200,0,0.00000000,0.00000000,0.00000000
BRISK,ORB,1,3000,36.46143800,9.24674600,1464,27.00556400,12.29943227,11.38353001
BRISK,ORB,2,2974,35.76092800,9.49079900,1508,27.23652800,12.98777737,19.81720442
BRISK,ORB,3,2953,35.65162200,9.37694500,1514,27.13102300,17.26938871,13.43313847
BRISK,ORB,4,2855,35.13672500,9.31649200,1435,26.07141500,13.79866612,14.26557054
BRISK,ORB,5,2906,36.61795600,9.17449400,1420,25.40930400,12.85564709,22.55652179
BRISK,ORB,6,2886,37.33514100,9.29946900,1421,25.81851900,13.34054193,26.85320270
BRISK,ORB,7,2886,35.95556900,9.10764200,1388,25.35998800,14.45731022,15.07096619
BRISK,ORB,8,2893,36.45560100,9.21255200,1442,25.83126400,13.13016586,17.41091364
BRISK,ORB,9,2930,43.34991400,9.24085200,1435,26.13853500,12.34545830,16.35085043
BRISK,ORB,10,3022,37.71726100,9.51439500,1448,26.91892200,12.14960324,11.06030222
BRISK,ORB,11,3013,37.17406000,9.57690600,1448,27.58387300,11.54790781,13.89556403
BRISK,ORB,12,2949,37.06977400,9.55496900,1488,26.74226900,10.07826007,11.94514014
BRISK,ORB,13,3012,37.55586000,9.37149000,1478,27.04841900,9.20565887,11.81699560
BRISK,ORB,14,3026,38.31861500,9.34304400,1531,27.73465800,9.54236248,13.52184364
BRISK,ORB,15,3074,38.65207100,10.04004300,1545,28.01295100,8.39156690,10.19855242
BRISK,ORB,16,3131,38.92383700,9.33477300,1542,29.36936400,8.88653053,10.84973312
BRISK,ORB,17,3135,39.18529400,9.33703900,1596,30.02611600,11.04299793,9.83896155

BRISK,FREAK,0,2896,35.38276900,28.77500600,0,0.00000000,0.00000000,0.00000000
BRISK,FREAK,1,3000,36.36105300,29.92654800,1396,20.14245800,12.29943227,11.61207058
BRISK,FREAK,2,2974,35.94072200,29.38923700,1470,20.63905600,12.98777737,24.64643197
BRISK,FREAK,3,2953,36.05677200,29.93480900,1477,20.56303000,17.26938871,11.32361924
BRISK,FREAK,4,2855,35.32300000,28.89670900,1428,20.15684200,13.79866612,15.67009382
BRISK,FREAK,5,2906,36.26613300,32.08225400,1391,20.54235000,12.85564709,16.96757049
BRISK,FREAK,6,2886,36.05238100,29.55092900,1388,20.25315200,13.34054193,15.59817970
BRISK,FREAK,7,2886,36.13987800,29.26917700,1364,20.41863900,14.45731022,13.41665913
BRISK,FREAK,8,2893,37.29730000,30.68984600,1368,22.00741800,13.13016586,14.49012614
BRISK,FREAK,9,2930,37.15176700,29.64158300,1382,20.33076100,12.34545830,17.66941623
BRISK,FREAK,10,3022,37.79268900,29.65024700,1370,20.45397400,12.14960324,12.35739468
BRISK,FREAK,11,3013,37.74528700,32.12704300,1412,20.62718600,11.54790781,14.15011406
BRISK,FREAK,12,2949,37.32770600,29.45024700,1382,20.61186600,10.07826007,11.15359377
BRISK,FREAK,13,3012,37.62964300,29.95180600,1355,19.72382300,9.20565887,12.33408368
BRISK,FREAK,14,3026,37.42063400,29.90421200,1376,20.83180300,9.54236248,10.97812785
BRISK,FREAK,15,3074,38.42201500,29.78274600,1475,20.69077000,8.39156690,13.37094207
BRISK,FREAK,16,3131,38.88524100,29.88833100,1465,22.07453600,8.88653053,11.56589313
BRISK,FREAK,17,3135,40.06242400,30.68259200,1544,22.29577200,11.04299793,9.49358187

BRISK,AKAZE,0,0,0.00000000,0.00000000,0,0.00000000,0.00000000,0.00000000
BRISK,AKAZE,1,0,0.00000000,0.00000000,0,0.00000000,0.00000000,0.00000000
BRISK,AKAZE,2,0,0.00000000,0.00000000,0,0.00000000,0.00000000,0.00000000
BRISK,AKAZE,3,0,0.00000000,0.00000000,0,0.00000000,0.00000000,0.00000000
BRISK,AKAZE,4,0,0.00000000,0.00000000,0,0.00000000,0.00000000,0.00000000
BRISK,AKAZE,5,0,0.00000000,0.00000000,0,0.00000000,0.00000000,0.00000000
BRISK,AKAZE,6,0,0.00000000,0.00000000,0,0.00000000,0.00000000,0.00000000
BRISK,AKAZE,7,0,0.00000000,0.00000000,0,0.00000000,0.00000000,nan
BRISK,AKAZE,8,0,0.00000000,0.00000000,0,0.00000000,0.00000000,0.00000000
BRISK,AKAZE,9,0,0.00000000,0.00000000,0,0.00000000,0.00000000,0.00000000
BRISK,AKAZE,10,0,0.00000000,0.00000000,0,0.00000000,0.00000000,0.00000000
BRISK,AKAZE,11,0,0.00000000,0.00000000,0,0.00000000,0.00000000,0.00000000
BRISK,AKAZE,12,0,0.00000000,0.00000000,0,0.00000000,0.00000000,0.00000000
BRISK,AKAZE,13,0,0.00000000,0.00000000,0,0.00000000,0.00000000,0.00000000
BRISK,AKAZE,14,0,0.00000000,0.00000000,0,0.00000000,0.00000000,0.00000000
BRISK,AKAZE,15,0,0.00000000,0.00000000,0,0.00000000,0.00000000,0.00000000
BRISK,AKAZE,16,0,0.00000000,0.00000000,0,0.00000000,0.00000000,0.00000000
BRISK,AKAZE,17,0,0.00000000,0.00000000,0,0.00000000,0.00000000,0.00000000

BRISK,SIFT,0,2896,36.19412100,88.73453000,0,0.00000000,0.00000000,0.00000000
BRISK,SIFT,1,3000,36.35664300,91.02502400,1740,49.91473100,12.29943227,13.80796161
BRISK,SIFT,2,2974,36.19097200,90.05301900,1774,51.64863900,12.98777737,18.93055025
BRISK,SIFT,3,2953,36.22293400,91.25255200,1780,50.83847300,17.26938871,14.47210425
BRISK,SIFT,4,2855,35.51740100,89.85172400,1756,48.83323800,13.79866612,15.19424349
BRISK,SIFT,5,2906,35.98804200,89.73159900,1718,48.02737700,12.85564709,27.96926996
BRISK,SIFT,6,2886,36.20970000,88.69652200,1704,48.55999900,13.34054193,17.44753872
BRISK,SIFT,7,2886,36.45406400,88.79821100,1698,48.34093300,14.45731022,14.97511573
BRISK,SIFT,8,2893,36.65791900,89.37654200,1669,48.73362200,13.13016586,17.37591043
BRISK,SIFT,9,2930,36.87996900,89.04795800,1682,49.39500400,12.34545830,14.92162943
BRISK,SIFT,10,3022,37.79724700,91.42479800,1712,51.27038900,12.14960324,12.14808143
BRISK,SIFT,11,3013,37.28821100,90.66186600,1751,53.01238700,11.54790781,11.53429948
BRISK,SIFT,12,2949,36.83346900,89.98459200,1716,51.91546400,10.07826007,11.62648064
BRISK,SIFT,13,3012,37.55483500,90.66029900,1773,51.84551500,9.20565887,11.17231690
BRISK,SIFT,14,3026,37.90672100,90.64036000,1715,54.53234600,9.54236248,10.82468845
BRISK,SIFT,15,3074,38.44828500,91.90530200,1801,54.04266200,8.39156690,10.86807094
BRISK,SIFT,16,3131,38.68669200,95.08886500,1820,56.14832500,8.88653053,13.88650006
BRISK,SIFT,17,3135,39.39264200,100.11274100,1872,57.76725600,11.04299793,10.13337141

ORB,BRISK,0,500,31.32752800,3.74152900,0,0.00000000,0.00000000,0.00000000
ORB,BRISK,1,500,5.68994000,3.74813400,311,0.70740400,12.29943227,10.33518815
ORB,BRISK,2,500,6.00039800,3.76423000,290,0.69276600,12.98777737,12.46548068
ORB,BRISK,3,500,5.96374600,3.69243100,298,0.72634900,17.26938871,31.38096331
ORB,BRISK,4,500,5.90260600,3.78818500,291,0.73006000,13.79866612,12.13708187
ORB,BRISK,5,500,5.90455000,4.01395200,316,0.76429900,12.85564709,427.12940288
ORB,BRISK,6,500,5.96127300,4.03747000,318,0.73582900,13.34054193,7.04091370
ORB,BRISK,7,500,6.16649700,3.93560500,306,0.79130100,14.45731022,13.67017865
ORB,BRISK,8,500,6.02768700,3.78224200,309,0.76728100,13.13016586,17.10048378
ORB,BRISK,9,500,6.11693700,3.83040800,309,0.79268400,12.34545830,11.87551269
ORB,BRISK,10,500,6.01682300,3.88091900,315,0.91613700,12.14960324,11.06186053
ORB,BRISK,11,500,6.03521800,3.87412800,311,0.75350200,11.54790781,7.30424152
ORB,BRISK,12,500,7.00986300,3.81024800,315,0.73832000,10.07826007,-inf
ORB,BRISK,13,500,6.01618000,3.71386000,316,0.77995400,9.20565887,18.54158635
ORB,BRISK,14,500,5.99055400,3.77373900,300,0.73184300,9.54236248,11.40241511
ORB,BRISK,15,500,6.04051500,3.79944800,313,0.74621700,8.39156690,33.35070134
ORB,BRISK,16,500,6.10191600,3.97100900,326,0.77174700,8.88653053,22.57432564
ORB,BRISK,17,500,6.10625600,4.07067900,320,0.78837900,11.04299793,18.73335260

ORB,BRIEF,0,500,6.27229300,1.19493100,0,0.00000000,0.00000000,0.00000000
ORB,BRIEF,1,500,5.76099300,1.23823000,221,0.98951700,12.29943227,16.63072655
ORB,BRIEF,2,500,5.69056600,1.28690500,247,1.04500800,12.98777737,9.79368692
ORB,BRIEF,3,500,5.86947000,1.22631600,229,0.99789900,17.26938871,18.41311504
ORB,BRIEF,4,500,6.02218600,1.20059200,222,0.96779500,13.79866612,11.45658240
ORB,BRIEF,5,500,6.04326900,1.19886800,248,0.95230000,12.85564709,43.31825709
ORB,BRIEF,6,500,5.95498900,1.21784900,233,1.00012300,13.34054193,nan
ORB,BRIEF,7,500,5.89246800,1.21930500,234,0.97346200,14.45731022,9.76801372
ORB,BRIEF,8,500,5.84909400,1.25918000,244,0.99487500,13.13016586,-inf
ORB,BRIEF,9,500,6.04628800,1.21548100,242,0.97920100,12.34545830,39.09963720
ORB,BRIEF,10,500,6.21134100,1.24644500,223,0.96741500,12.14960324,63.54675660
ORB,BRIEF,11,500,6.10506800,1.21392300,226,0.97545300,11.54790781,14.09024066
ORB,BRIEF,12,500,6.06333400,1.21368400,252,0.95952700,10.07826007,14.25197241
ORB,BRIEF,13,500,6.04721900,1.22278600,229,0.97088800,9.20565887,12.37235437
ORB,BRIEF,14,500,6.03787500,1.23542100,238,0.97016400,9.54236248,10.03455428
ORB,BRIEF,15,500,6.06618500,1.23091700,262,1.00560200,8.39156690,13.28449802
ORB,BRIEF,16,500,7.36882800,1.41089800,219,1.24559000,8.88653053,9.37081897
ORB,BRIEF,17,500,6.05271100,1.24474800,223,0.97434000,11.04299793,11.57940259

ORB,ORB,0,500,5.95861500,6.75087200,0,0.00000000,0.00000000,0.00000000
ORB,ORB,1,500,5.88409800,6.57581400,328,0.99647600,12.29943227,23.73394694
ORB,ORB,2,500,5.70118600,6.50122000,326,0.99936500,12.98777737,11.10241727
ORB,ORB,3,500,6.18906500,6.84722600,323,1.00531400,17.26938871,16.63593376
ORB,ORB,4,500,5.93319100,6.80207200,317,0.97258700,13.79866612,18.05836313
ORB,ORB,5,500,6.02735300,6.58783400,321,0.99267500,12.85564709,14.50901757
ORB,ORB,6,500,5.95248300,6.63523000,348,0.99932300,13.34054193,-inf
ORB,ORB,7,500,5.99268900,6.56493600,328,0.99142400,14.45731022,-inf
ORB,ORB,8,500,6.05329300,6.52910100,348,0.96679800,13.13016586,10.54248955
ORB,ORB,9,500,6.15459300,6.43228900,338,0.99560600,12.34545830,-inf
ORB,ORB,10,500,6.11942500,6.53740400,318,0.99004700,12.14960324,11.62833152
ORB,ORB,11,500,6.00047100,6.54079000,323,0.98880500,11.54790781,9.34127950
ORB,ORB,12,500,5.97581600,6.70177200,326,0.99553300,10.07826007,-inf
ORB,ORB,13,500,6.01967700,6.61919000,311,1.02855500,9.20565887,-inf
ORB,ORB,14,500,6.08353300,6.45045600,340,0.99015700,9.54236248,-inf
ORB,ORB,15,500,6.03379100,6.48146800,332,0.98462000,8.39156690,-inf
ORB,ORB,16,500,6.17447300,6.54571200,310,0.99336300,8.88653053,15.81129200
ORB,ORB,17,500,6.25719100,6.61597500,332,0.98893900,11.04299793,14.18184128

ORB,FREAK,0,500,5.98099400,16.78138100,0,0.00000000,0.00000000,0.00000000
ORB,FREAK,1,500,5.88489400,17.00288300,109,0.22593700,12.29943227,12.05689321
ORB,FREAK,2,500,5.88939700,17.06095600,123,0.22820100,12.98777737,19.54337229
ORB,FREAK,3,500,5.92288200,16.93645400,128,0.22468800,17.26938871,15.73901637
ORB,FREAK,4,500,5.79722000,16.98743600,136,0.24020300,13.79866612,11.56265383
ORB,FREAK,5,500,6.03502700,17.02835800,110,0.27075100,12.85564709,156.22352495
ORB,FREAK,6,500,5.96086200,16.98128300,132,0.26344800,13.34054193,-inf
ORB,FREAK,7,500,6.03782500,16.84371800,136,0.25321700,14.45731022,-inf
ORB,FREAK,8,500,5.87858300,16.67504300,135,0.27854800,13.13016586,12.99448920
ORB,FREAK,9,500,6.09569900,17.08118700,144,0.26106000,12.34545830,17.76502148
ORB,FREAK,10,500,6.14437000,17.03078000,146,0.26903500,12.14960324,10.97460335
ORB,FREAK,11,500,6.04121400,16.91919600,149,0.27260300,11.54790781,9.94599671
ORB,FREAK,12,500,5.95254000,17.04913500,155,0.36915400,10.07826007,8.31342005
ORB,FREAK,13,500,5.87866100,17.15095400,139,0.26301200,9.20565887,8.59036173
ORB,FREAK,14,500,6.20409900,17.27178900,151,0.27300100,9.54236248,10.10820811
ORB,FREAK,15,500,6.16180900,17.27881300,160,0.26740400,8.39156690,8.10124106
ORB,FREAK,16,500,6.12634400,16.99031100,144,0.28616400,8.88653053,10.51516622
ORB,FREAK,17,500,6.16919100,17.02588400,137,0.27946300,11.04299793,6.42412154

ORB,AKAZE,0,0,0.00000000,0.00000000,0,0.00000000,0.00000000,0.00000000
ORB,AKAZE,1,0,0.00000000,0.00000000,0,0.00000000,0.00000000,0.00000000
ORB,AKAZE,2,0,0.00000000,0.00000000,0,0.00000000,0.00000000,0.00000000
ORB,AKAZE,3,0,0.00000000,0.00000000,0,0.00000000,0.00000000,0.00000000
ORB,AKAZE,4,0,0.00000000,0.00000000,0,0.00000000,0.00000000,0.00000000
ORB,AKAZE,5,0,0.00000000,0.00000000,0,0.00000000,0.00000000,0.00000000
ORB,AKAZE,6,0,0.00000000,0.00000000,0,0.00000000,0.00000000,0.00000000
ORB,AKAZE,7,0,0.00000000,0.00000000,0,0.00000000,0.00000000,nan
ORB,AKAZE,8,0,0.00000000,0.00000000,0,0.00000000,0.00000000,0.00000000
ORB,AKAZE,9,0,0.00000000,0.00000000,0,0.00000000,0.00000000,0.00000000
ORB,AKAZE,10,0,0.00000000,0.00000000,0,0.00000000,0.00000000,0.00000000
ORB,AKAZE,11,0,0.00000000,0.00000000,0,0.00000000,0.00000000,0.00000000
ORB,AKAZE,12,0,0.00000000,0.00000000,0,0.00000000,0.00000000,0.00000000
ORB,AKAZE,13,0,0.00000000,0.00000000,0,0.00000000,0.00000000,0.00000000
ORB,AKAZE,14,0,0.00000000,0.00000000,0,0.00000000,0.00000000,0.00000000
ORB,AKAZE,15,0,0.00000000,0.00000000,0,0.00000000,0.00000000,0.00000000
ORB,AKAZE,16,0,0.00000000,0.00000000,0,0.00000000,0.00000000,0.00000000
ORB,AKAZE,17,0,0.00000000,0.00000000,0,0.00000000,0.00000000,0.00000000

ORB,SIFT,0,500,5.98910400,45.87154400,0,0.00000000,0.00000000,0.00000000
ORB,SIFT,1,500,6.19589400,47.01408500,374,1.97397700,12.29943227,9.53291915
ORB,SIFT,2,500,6.00493400,47.06941300,361,1.61400300,12.98777737,18.44735456
ORB,SIFT,3,500,5.87564900,46.69584500,366,1.64970700,17.26938871,11.91741590
ORB,SIFT,4,500,5.80934700,46.81752300,372,1.64483100,13.79866612,17.53560843
ORB,SIFT,5,500,5.93570400,47.64702700,375,1.63676700,12.85564709,-inf
ORB,SIFT,6,500,6.15673500,47.67332600,381,1.65368300,13.34054193,-inf
ORB,SIFT,7,500,5.91696900,47.66828400,378,1.61585800,14.45731022,-inf
ORB,SIFT,8,500,6.18503500,47.40232100,372,1.62798900,13.13016586,10.88196107
ORB,SIFT,9,500,6.07610800,47.65864800,352,1.63678600,12.34545830,-inf
ORB,SIFT,10,500,6.26403700,47.72375700,355,1.72662100,12.14960324,11.13886850
ORB,SIFT,11,500,6.00658100,48.42585000,377,1.61233900,11.54790781,7.61405371
ORB,SIFT,12,500,6.08553100,47.96409600,394,1.60910400,10.07826007,-inf
ORB,SIFT,13,500,6.03912100,47.30002200,377,1.64535200,9.20565887,11.58715155
ORB,SIFT,14,500,5.99859100,47.85011100,393,1.62486700,9.54236248,13.62630583
ORB,SIFT,15,500,6.12169800,47.72107000,383,1.66651300,8.39156690,-inf
ORB,SIFT,16,500,6.11840500,48.05169200,368,1.67352700,8.88653053,8.34512748
ORB,SIFT,17,500,6.35276500,48.01941800,360,1.61586800,11.04299793,20.17128365

AKAZE,BRISK,0,1513,51.16269500,12.30595400,0,0.00000000,0.00000000,0.00000000
AKAZE,BRISK,1,1541,50.42216300,12.35906500,973,7.88277700,12.29943227,11.88048759
AKAZE,BRISK,2,1529,51.76880800,12.41241200,967,8.08865200,12.98777737,12.39593486
AKAZE,BRISK,3,1561,51.12343800,12.73651600,990,8.19159600,17.26938871,13.04125814
AKAZE,BRISK,4,1545,50.32453900,12.66266800,976,8.13625500,13.79866612,13.81548377
AKAZE,BRISK,5,1526,50.95143300,12.54363600,969,8.32634000,12.85564709,13.82593252
AKAZE,BRISK,6,1566,51.40993100,12.75290400,1002,8.45362600,13.34054193,12.70781576
AKAZE,BRISK,7,1529,51.08941100,12.46099200,1010,8.08301000,14.45731022,16.58746925
AKAZE,BRISK,8,1547,52.14592400,12.58848200,996,8.02755700,13.13016586,13.98767563
AKAZE,BRISK,9,1572,52.56816400,12.99692000,1007,8.18006100,12.34545830,13.94930592
AKAZE,BRISK,10,1567,51.23392900,12.73641800,1008,8.28775400,12.14960324,12.05907435
AKAZE,BRISK,11,1538,51.50901300,12.47758600,990,8.13286800,11.54790781,12.71948623
AKAZE,BRISK,12,1513,50.90622300,12.57376100,979,7.87249900,10.07826007,10.35228173
AKAZE,BRISK,13,1538,51.62942800,12.58464800,983,7.98848000,9.20565887,10.19492478
AKAZE,BRISK,14,1555,51.99379800,12.97820700,1028,8.11405300,9.54236248,9.61153163
AKAZE,BRISK,15,1544,51.47749900,12.49512900,1061,8.18577200,8.39156690,9.66398312
AKAZE,BRISK,16,1563,51.28439400,12.78208100,1041,8.15913100,8.88653053,9.55573039
AKAZE,BRISK,17,1561,51.55734100,12.69493400,1097,8.38315300,11.04299793,8.50135123

AKAZE,BRIEF,0,1513,49.97923400,3.19885300,0,0.00000000,0.00000000,0.00000000
AKAZE,BRIEF,1,1541,51.26823800,3.37924400,1073,7.97686700,12.29943227,11.98439565
AKAZE,BRIEF,2,1529,50.61508000,3.23643600,1091,7.62946100,12.98777737,13.15677286
AKAZE,BRIEF,3,1561,52.66408600,4.13305700,1109,8.44997600,17.26938871,12.54063997
AKAZE,BRIEF,4,1545,50.98418900,3.28761400,1116,7.96797900,13.79866612,12.78601966
AKAZE,BRIEF,5,1526,50.88123100,3.18294200,1102,7.82427700,12.85564709,14.22259754
AKAZE,BRIEF,6,1566,51.11665100,3.22491100,1121,7.82956600,13.34054193,12.63332097
AKAZE,BRIEF,7,1529,50.78412800,3.31787200,1082,7.81242500,14.45731022,15.54608811
AKAZE,BRIEF,8,1547,51.91271200,3.33842800,1119,7.68948600,13.13016586,14.05791298
AKAZE,BRIEF,9,1572,50.58085400,3.29255200,1120,7.92527900,12.34545830,11.83051724
AKAZE,BRIEF,10,1567,51.14363200,3.35110400,1107,7.97267300,12.14960324,11.42614153
AKAZE,BRIEF,11,1538,51.30346900,3.43599500,1119,7.94940000,11.54790781,12.51870500
AKAZE,BRIEF,12,1513,50.94491400,3.30245500,1104,7.60638300,10.07826007,10.70774836
AKAZE,BRIEF,13,1538,51.67323000,3.23744600,1135,7.54004500,9.20565887,11.61587228
AKAZE,BRIEF,14,1555,51.82422400,3.37050100,1165,8.03304500,9.54236248,11.15685209
AKAZE,BRIEF,15,1544,50.81547300,3.40633800,1170,7.86397000,8.39156690,9.37033141
AKAZE,BRIEF,16,1563,51.01213600,3.25095500,1163,7.85285400,8.88653053,9.45116412
AKAZE,BRIEF,17,1561,50.79551200,3.41185400,1191,7.98911300,11.04299793,8.83599317

AKAZE,ORB,0,1513,51.77703800,6.15485200,0,0.00000000,0.00000000,0.00000000
AKAZE,ORB,1,1541,52.29575900,6.18367100,942,7.57330200,12.29943227,10.91805077
AKAZE,ORB,2,1529,51.77991300,6.55443400,935,7.60522600,12.98777737,12.91502439
AKAZE,ORB,3,1561,51.27404600,6.43752900,954,7.71933800,17.26938871,12.82525445
AKAZE,ORB,4,1545,51.91428200,6.26712800,943,7.80820200,13.79866612,14.22458090
AKAZE,ORB,5,1526,53.38803900,6.11023100,959,7.68051700,12.85564709,14.02514567
AKAZE,ORB,6,1566,51.43796800,6.45044800,982,7.68786900,13.34054193,12.65503583
AKAZE,ORB,7,1529,51.89474700,6.19181100,992,7.71790300,14.45731022,15.32970023
AKAZE,ORB,8,1547,51.40107200,6.40920700,994,7.62936800,13.13016586,12.92002590
AKAZE,ORB,9,1572,51.78008400,6.49098200,947,7.82302800,12.34545830,11.10794062
AKAZE,ORB,10,1567,50.55780100,6.73853400,995,7.90730100,12.14960324,10.84568307
AKAZE,ORB,11,1538,49.81028900,6.11836200,943,7.74741500,11.54790781,12.58430357
AKAZE,ORB,12,1513,52.93714200,6.23161700,961,7.52804500,10.07826007,9.68427181
AKAZE,ORB,13,1538,51.97203800,6.27064800,969,7.48904700,9.20565887,11.16979442
AKAZE,ORB,14,1555,52.33565100,6.25672700,1020,8.16182000,9.54236248,10.35603700
AKAZE,ORB,15,1544,50.80868100,6.24608800,1026,7.65659000,8.39156690,10.97099188
AKAZE,ORB,16,1563,50.33844000,6.23071800,1022,7.76931800,8.88653053,9.88616274
AKAZE,ORB,17,1561,50.32632300,6.09539000,1056,7.82775500,11.04299793,9.06541772

AKAZE,FREAK,0,1513,51.23279900,25.45208500,0,0.00000000,0.00000000,0.00000000
AKAZE,FREAK,1,1541,50.64880500,25.76420100,915,7.96533400,12.29943227,11.52670577
AKAZE,FREAK,2,1529,50.39506900,25.67495700,910,8.06168900,12.98777737,12.02435634
AKAZE,FREAK,3,1561,51.58174200,26.15109800,969,8.17076500,17.26938871,12.79966501
AKAZE,FREAK,4,1545,51.76370200,26.13414200,935,8.32506900,13.79866612,13.58410769
AKAZE,FREAK,5,1526,51.83670300,31.00242500,900,10.21126300,12.85564709,14.24511819
AKAZE,FREAK,6,1566,51.68584400,26.12626600,947,8.05805500,13.34054193,14.19748295
AKAZE,FREAK,7,1529,50.75594600,26.30400100,984,8.20412000,14.45731022,15.60206886
AKAZE,FREAK,8,1547,50.65417800,26.02609500,959,7.98771600,13.13016586,12.61787158
AKAZE,FREAK,9,1572,50.18216200,26.22036700,961,8.23602700,12.34545830,14.47068478
AKAZE,FREAK,10,1567,50.64902500,27.00448000,970,8.52568700,12.14960324,11.59131453
AKAZE,FREAK,11,1538,50.69879800,25.57736400,935,8.27211300,11.54790781,11.89015115
AKAZE,FREAK,12,1513,50.34383800,26.09885100,961,7.98986300,10.07826007,10.02503921
AKAZE,FREAK,13,1538,51.01223800,26.10509600,964,7.84789300,9.20565887,10.67815281
AKAZE,FREAK,14,1555,51.50788800,26.04014600,1010,8.14516800,9.54236248,10.75032958
AKAZE,FREAK,15,1544,52.31378300,26.03896900,1027,8.10892700,8.39156690,9.55138783
AKAZE,FREAK,16,1563,50.99516600,27.84289000,1011,8.31804900,8.88653053,10.08180393
AKAZE,FREAK,17,1561,52.04556700,25.80675200,1027,8.36882400,11.04299793,8.79452565

AKAZE,AKAZE,0,1513,51.35952700,36.74532500,0,0.00000000,0.00000000,0.00000000
AKAZE,AKAZE,1,1541,50.90515700,38.14587100,1103,10.07405900,12.29943227,11.47235303
AKAZE,AKAZE,2,1529,51.98814700,39.51560300,1073,9.54526800,12.98777737,13.53274103
AKAZE,AKAZE,3,1561,51.62617900,37.94310600,1126,9.86281900,17.26938871,13.31661152
AKAZE,AKAZE,4,1545,51.34683300,38.56190700,1126,9.89708700,13.79866612,13.68881963
AKAZE,AKAZE,5,1526,52.15038000,37.34336400,1117,9.65749400,12.85564709,14.81912366
AKAZE,AKAZE,6,1566,51.02642100,38.45453400,1118,9.75235200,13.34054193,14.78778340
AKAZE,AKAZE,7,1529,50.66864400,38.19101500,1147,9.73063800,14.45731022,15.80941813
AKAZE,AKAZE,8,1547,51.43567400,38.25319100,1148,9.73881300,13.13016586,14.67123932
AKAZE,AKAZE,9,1572,51.30778100,38.77033300,1120,9.96959200,12.34545830,14.32283347
AKAZE,AKAZE,10,1567,51.44185300,37.46815800,1149,10.14038400,12.14960324,11.83404655
AKAZE,AKAZE,11,1538,52.01382500,38.12994900,1083,10.38947300,11.54790781,13.61018450
AKAZE,AKAZE,12,1513,51.80057000,37.88148900,1087,9.67758400,10.07826007,11.06390702
AKAZE,AKAZE,13,1538,51.07033200,37.27110500,1071,9.98740700,9.20565887,10.72392801
AKAZE,AKAZE,14,1555,50.61464800,37.69192000,1138,9.71163800,9.54236248,12.91403527
AKAZE,AKAZE,15,1544,50.89049400,37.88079900,1119,10.18482700,8.39156690,10.20220137
AKAZE,AKAZE,16,1563,52.81981900,36.87075300,1132,10.65440400,8.88653053,9.76009504
AKAZE,AKAZE,17,1561,51.95286600,38.43018300,1152,9.93410400,11.04299793,9.74451634

AKAZE,SIFT,0,1513,52.46411100,28.05600300,0,0.00000000,0.00000000,0.00000000
AKAZE,SIFT,1,1541,51.26304600,28.38998100,1136,14.04015100,12.29943227,12.49676576
AKAZE,SIFT,2,1529,52.18561800,27.82205200,1150,14.33165300,12.98777737,12.84570284
AKAZE,SIFT,3,1561,50.92033400,28.18150500,1166,14.39051900,17.26938871,12.89723682
AKAZE,SIFT,4,1545,51.14496400,27.96739000,1147,14.54378600,13.79866612,13.67123006
AKAZE,SIFT,5,1526,50.74510000,27.90028300,1146,14.14616600,12.85564709,14.20877739
AKAZE,SIFT,6,1566,50.87207800,28.46280800,1138,14.29289000,13.34054193,14.66033598
AKAZE,SIFT,7,1529,50.74316000,28.56486100,1159,14.25160800,14.45731022,15.58076096
AKAZE,SIFT,8,1547,50.46634400,28.30561200,1169,14.09521300,13.13016586,14.02442529
AKAZE,SIFT,9,1572,51.17797700,28.42774000,1161,14.49585900,12.34545830,12.80783162
AKAZE,SIFT,10,1567,50.47532900,28.80170500,1209,14.80520200,12.14960324,11.34179654
AKAZE,SIFT,11,1538,52.07667500,28.27446900,1149,14.45429500,11.54790781,12.27726967
AKAZE,SIFT,12,1513,49.85634800,27.73239000,1134,14.80863900,10.07826007,10.69190841
AKAZE,SIFT,13,1538,50.58235500,27.72679200,1145,14.40323200,9.20565887,10.87840335
AKAZE,SIFT,14,1555,51.04313900,28.26112300,1181,14.28884600,9.54236248,10.49408092
AKAZE,SIFT,15,1544,50.51203700,27.93734900,1183,14.35591000,8.39156690,9.88308365
AKAZE,SIFT,16,1563,50.63394400,28.07202800,1221,14.42980800,8.88653053,10.37386778
AKAZE,SIFT,17,1561,50.67012200,28.16456800,1210,14.53114200,11.04299793,9.72711664

SIFT,BRISK,0,1890,78.12472500,13.74151100,0,0.00000000,0.00000000,0.00000000
SIFT,BRISK,1,1915,80.07667700,13.68271100,726,11.26448400,12.29943227,14.14526534
SIFT,BRISK,2,1824,77.70883200,13.16871200,732,10.59030600,12.98777737,15.07600037
SIFT,BRISK,3,1837,77.65207600,13.28405600,743,10.26283800,17.26938871,14.92049188
SIFT,BRISK,4,1827,77.62450000,13.18817500,724,10.28651700,13.79866612,18.85551717
SIFT,BRISK,5,1877,78.12600200,13.43569800,732,10.35827800,12.85564709,14.67407977
SIFT,BRISK,6,1931,78.02576000,16.59110900,709,13.51508200,13.34054193,12.22549692
SIFT,BRISK,7,1964,79.33406600,13.92318500,755,11.56862700,14.45731022,16.72508757
SIFT,BRISK,8,1954,78.61805500,13.93507100,732,11.52894700,13.13016586,15.61249987
SIFT,BRISK,9,1984,78.63706700,14.09579100,736,12.11351300,12.34545830,11.84261669
SIFT,BRISK,10,2046,78.25629200,14.25010900,751,11.89268100,12.14960324,11.53243847
SIFT,BRISK,11,2065,78.25395600,14.63018100,765,12.41819900,11.54790781,12.41709995
SIFT,BRISK,12,2007,78.11666600,14.27386200,776,12.50672500,10.07826007,12.18733736
SIFT,BRISK,13,2029,79.54156600,15.04843000,786,12.60823200,9.20565887,9.73491996
SIFT,BRISK,14,2048,77.89741500,14.64583500,812,12.67565300,9.54236248,9.71496478
SIFT,BRISK,15,2044,78.44273200,14.99901500,843,12.76972200,8.39156690,9.65353223
SIFT,BRISK,16,2088,82.92572900,15.25044700,823,13.02898100,8.88653053,9.70693318
SIFT,BRISK,17,2095,82.17555200,14.95922800,896,13.66348400,11.04299793,8.46384073

SIFT,BRIEF,0,1890,77.62184300,3.06979600,0,0.00000000,0.00000000,0.00000000
SIFT,BRIEF,1,1915,78.94746300,3.13167200,908,9.69161900,12.29943227,11.65893679
SIFT,BRIEF,2,1824,76.70978000,3.05786000,858,9.03550900,12.98777737,14.10177407
SIFT,BRIEF,3,1837,77.40637100,3.05715100,878,8.78759700,17.26938871,13.78624847
SIFT,BRIEF,4,1827,78.02712800,3.01969100,903,8.80907300,13.79866612,17.33377238
SIFT,BRIEF,5,1877,77.42013500,3.08013600,856,9.46838900,12.85564709,13.56737215
SIFT,BRIEF,6,1931,77.92017000,3.08769400,893,9.30159300,13.34054193,12.00923251
SIFT,BRIEF,7,1964,79.92794300,3.23772400,904,9.51159400,14.45731022,14.70908910
SIFT,BRIEF,8,1954,78.13191600,3.16340300,915,10.18671400,13.13016586,17.42193968
SIFT,BRIEF,9,1984,77.75059500,3.21439000,881,9.77221100,12.34545830,12.65352318
SIFT,BRIEF,10,2046,78.63237200,3.25584400,910,9.96676000,12.14960324,10.70825044
SIFT,BRIEF,11,2065,80.24569700,3.37225400,920,10.53091000,11.54790781,10.74767415
SIFT,BRIEF,12,2007,77.70736700,3.27902900,919,10.88371300,10.07826007,12.67514284
SIFT,BRIEF,13,2029,77.08904400,3.26722400,935,10.32162200,9.20565887,9.15313742
SIFT,BRIEF,14,2048,78.64117700,3.31522500,1009,10.50908800,9.54236248,12.90802549
SIFT,BRIEF,15,2044,78.31667300,3.40606100,978,10.95829800,8.39156690,8.83419637
SIFT,BRIEF,16,2088,78.12812400,3.20368000,962,10.94057200,8.88653053,8.62720318
SIFT,BRIEF,17,2095,78.92108400,3.28957300,980,10.93021400,11.04299793,8.86008640

SIFT,ORB,0,0,0.00000000,0.00000000,0,0.00000000,0.00000000,0.00000000
SIFT,ORB,1,0,0.00000000,0.00000000,0,0.00000000,0.00000000,0.00000000
SIFT,ORB,2,0,0.00000000,0.00000000,0,0.00000000,0.00000000,0.00000000
SIFT,ORB,3,0,0.00000000,0.00000000,0,0.00000000,0.00000000,0.00000000
SIFT,ORB,4,0,0.00000000,0.00000000,0,0.00000000,0.00000000,0.00000000
SIFT,ORB,5,0,0.00000000,0.00000000,0,0.00000000,0.00000000,0.00000000
SIFT,ORB,6,0,0.00000000,0.00000000,0,0.00000000,0.00000000,0.00000000
SIFT,ORB,7,0,0.00000000,0.00000000,0,0.00000000,0.00000000,nan
SIFT,ORB,8,0,0.00000000,0.00000000,0,0.00000000,0.00000000,0.00000000
SIFT,ORB,9,0,0.00000000,0.00000000,0,0.00000000,0.00000000,0.00000000
SIFT,ORB,10,0,0.00000000,0.00000000,0,0.00000000,0.00000000,0.00000000
SIFT,ORB,11,0,0.00000000,0.00000000,0,0.00000000,0.00000000,0.00000000
SIFT,ORB,12,0,0.00000000,0.00000000,0,0.00000000,0.00000000,0.00000000
SIFT,ORB,13,0,0.00000000,0.00000000,0,0.00000000,0.00000000,0.00000000
SIFT,ORB,14,0,0.00000000,0.00000000,0,0.00000000,0.00000000,0.00000000
SIFT,ORB,15,0,0.00000000,0.00000000,0,0.00000000,0.00000000,0.00000000
SIFT,ORB,16,0,0.00000000,0.00000000,0,0.00000000,0.00000000,0.00000000
SIFT,ORB,17,0,0.00000000,0.00000000,0,0.00000000,0.00000000,0.00000000

SIFT,FREAK,0,1890,78.56050600,23.24933400,0,0.00000000,0.00000000,0.00000000
SIFT,FREAK,1,1915,77.62044000,23.64246000,698,9.74789200,12.29943227,10.17745349
SIFT,FREAK,2,1824,80.81758600,23.56142200,697,9.45651600,12.98777737,13.93730090
SIFT,FREAK,3,1837,77.18159100,23.03526700,700,9.21423500,17.26938871,14.84683275
SIFT,FREAK,4,1827,77.85395300,23.33972300,692,10.37042500,13.79866612,18.47785585
SIFT,FREAK,5,1877,81.43411000,23.28059800,685,9.34613300,12.85564709,12.40301212
SIFT,FREAK,6,1931,76.69800100,23.40504600,692,9.77085000,13.34054193,12.45674190
SIFT,FREAK,7,1964,80.62080000,23.52853000,706,10.38806400,14.45731022,14.66230090
SIFT,FREAK,8,1954,77.69647100,23.51443900,711,10.19245600,13.13016586,14.29195978
SIFT,FREAK,9,1984,77.74779500,23.79008100,688,10.30738100,12.34545830,13.90474794
SIFT,FREAK,10,2046,77.57142600,23.76043800,723,10.54528300,12.14960324,12.20765894
SIFT,FREAK,11,2065,78.78971600,24.00166400,707,11.17453700,11.54790781,11.24808668
SIFT,FREAK,12,2007,78.36556600,23.82031700,741,11.23232000,10.07826007,11.07397600
SIFT,FREAK,13,2029,79.09872600,23.59771000,726,11.12241800,9.20565887,9.70605516
SIFT,FREAK,14,2048,77.48871200,23.94460800,758,11.60347800,9.54236248,11.87060689
SIFT,FREAK,15,2044,77.24000700,24.09085500,763,11.49273500,8.39156690,10.91714764
SIFT,FREAK,16,2088,77.42356900,23.97177600,794,12.00117300,8.88653053,8.82507248
SIFT,FREAK,17,2095,79.23298700,24.18431300,804,11.79144100,11.04299793,8.84757519

SIFT,AKAZE,0,0,0.00000000,0.00000000,0,0.00000000,0.00000000,0.00000000
SIFT,AKAZE,1,0,0.00000000,0.00000000,0,0.00000000,0.00000000,0.00000000
SIFT,AKAZE,2,0,0.00000000,0.00000000,0,0.00000000,0.00000000,0.00000000
SIFT,AKAZE,3,0,0.00000000,0.00000000,0,0.00000000,0.00000000,0.00000000
SIFT,AKAZE,4,0,0.00000000,0.00000000,0,0.00000000,0.00000000,0.00000000
SIFT,AKAZE,5,0,0.00000000,0.00000000,0,0.00000000,0.00000000,0.00000000
SIFT,AKAZE,6,0,0.00000000,0.00000000,0,0.00000000,0.00000000,0.00000000
SIFT,AKAZE,7,0,0.00000000,0.00000000,0,0.00000000,0.00000000,nan
SIFT,AKAZE,8,0,0.00000000,0.00000000,0,0.00000000,0.00000000,0.00000000
SIFT,AKAZE,9,0,0.00000000,0.00000000,0,0.00000000,0.00000000,0.00000000
SIFT,AKAZE,10,0,0.00000000,0.00000000,0,0.00000000,0.00000000,0.00000000
SIFT,AKAZE,11,0,0.00000000,0.00000000,0,0.00000000,0.00000000,0.00000000
SIFT,AKAZE,12,0,0.00000000,0.00000000,0,0.00000000,0.00000000,0.00000000
SIFT,AKAZE,13,0,0.00000000,0.00000000,0,0.00000000,0.00000000,0.00000000
SIFT,AKAZE,14,0,0.00000000,0.00000000,0,0.00000000,0.00000000,0.00000000
SIFT,AKAZE,15,0,0.00000000,0.00000000,0,0.00000000,0.00000000,0.00000000
SIFT,AKAZE,16,0,0.00000000,0.00000000,0,0.00000000,0.00000000,0.00000000
SIFT,AKAZE,17,0,0.00000000,0.00000000,0,0.00000000,0.00000000,0.00000000

SIFT,SIFT,0,1890,77.77173400,51.98516000,0,0.00000000,0.00000000,0.00000000
SIFT,SIFT,1,1915,76.69795100,53.20263500,1030,20.47553300,12.29943227,10.39040843
SIFT,SIFT,2,1824,78.12678800,52.81968300,987,19.78041700,12.98777737,13.49988887
SIFT,SIFT,3,1837,77.24225700,51.59572900,972,19.87587300,17.26938871,12.82976983
SIFT,SIFT,4,1827,78.59381400,52.50159700,963,19.37434100,13.79866612,14.96338619
SIFT,SIFT,5,1877,77.80745100,52.39215800,987,19.88424500,12.85564709,12.28967185
SIFT,SIFT,6,1931,78.04776600,53.39843900,969,20.54514400,13.34054193,11.16798046
SIFT,SIFT,7,1964,77.70998700,52.80515200,1013,21.73314300,14.45731022,13.54936120
SIFT,SIFT,8,1954,78.98388200,52.75959200,1036,22.05331000,13.13016586,15.62773088
SIFT,SIFT,9,1984,76.92274400,53.59837200,1008,21.89400100,12.34545830,12.60027909
SIFT,SIFT,10,2046,79.21323700,54.04566500,1006,22.96165800,12.14960324,10.78161077
SIFT,SIFT,11,2065,78.89418200,55.01840200,1084,23.75867600,11.54790781,10.60533709
SIFT,SIFT,12,2007,77.60498000,54.28247400,1060,23.35053600,10.07826007,10.18790805
SIFT,SIFT,13,2029,77.67739500,53.36170000,1106,23.13510200,9.20565887,9.68376397
SIFT,SIFT,14,2048,81.71680500,54.07452200,1124,23.91003200,9.54236248,11.27658997
SIFT,SIFT,15,2044,78.85629300,53.57420700,1107,23.83535000,8.39156690,9.71646083
SIFT,SIFT,16,2088,78.66975000,54.13351700,1173,24.45555000,8.88653053,9.89946449
SIFT,SIFT,17,2095,79.80799400,54.51422100,1183,24.64701100,11.04299793,8.59670112

