detector_type,descriptor_type,frame,no_keypoints_frame,no_keypoints_roi,detector_time_ms,descriptor_time_ms,no_matched_points,matching_time_ms
SHITOMASI,BRISK,0,1370,125,23.65166300,4.02302400,0,0.00000000
SHITOMASI,BRISK,1,1301,118,6.18703700,1.01823400,95,0.21957300
SHITOMASI,BRISK,2,1361,123,6.28647100,1.05407300,88,0.15932800
SHITOMASI,BRISK,3,1358,120,5.87465100,1.13636500,80,0.20035500
SHITOMASI,BRISK,4,1333,120,5.91533600,1.03483600,90,0.18293000
SHITOMASI,BRISK,5,1284,113,5.83228900,0.97899500,82,0.17295500
SHITOMASI,BRISK,6,1322,114,5.89325400,0.99457000,79,0.15988900
SHITOMASI,BRISK,7,1366,123,5.91526800,1.05678000,85,0.16704200
SHITOMASI,BRISK,8,1389,111,6.20858700,1.00350000,86,0.16849600
SHITOMASI,BRISK,9,1339,112,6.63693000,0.98966600,82,0.22298300

SHITOMASI,BRIEF,0,1370,125,5.96462000,0.45998300,0,0.00000000
SHITOMASI,BRIEF,1,1301,118,5.87798000,0.40314400,115,0.16404200
SHITOMASI,BRIEF,2,1361,123,6.04437400,0.32518200,111,0.15538900
SHITOMASI,BRIEF,3,1358,120,5.90864500,0.42511600,104,0.15635200
SHITOMASI,BRIEF,4,1333,120,6.19189900,0.36166800,101,0.15310100
SHITOMASI,BRIEF,5,1284,113,5.89114500,0.35299900,102,0.15095900
SHITOMASI,BRIEF,6,1322,114,6.08368000,0.35205100,102,0.15294800
SHITOMASI,BRIEF,7,1366,123,6.12412300,0.36538700,100,0.16665900
SHITOMASI,BRIEF,8,1389,111,5.97513600,0.35179600,109,0.15309600
SHITOMASI,BRIEF,9,1339,112,6.04626200,0.34902600,100,0.14538800

SHITOMASI,ORB,0,1370,125,6.21125800,3.74384400,0,0.00000000
SHITOMASI,ORB,1,1301,118,5.81967700,1.71789400,104,0.18284700
SHITOMASI,ORB,2,1361,123,6.29094300,1.74298700,103,0.18470800
SHITOMASI,ORB,3,1358,120,5.92833800,1.73948900,100,0.16126000
SHITOMASI,ORB,4,1333,120,5.85034100,1.71832300,102,0.18242800
SHITOMASI,ORB,5,1284,113,5.98378300,1.75223900,103,0.17028700
SHITOMASI,ORB,6,1322,114,5.86661200,1.78788800,98,0.14937100
SHITOMASI,ORB,7,1366,123,5.92782700,1.85018900,98,0.15976300
SHITOMASI,ORB,8,1389,111,6.05446700,1.73314900,102,0.19804500
SHITOMASI,ORB,9,1339,112,6.31290300,1.71112400,97,0.19198400

SHITOMASI,FREAK,0,1370,125,6.04636500,19.86769600,0,0.00000000
SHITOMASI,FREAK,1,1301,118,6.30516200,16.71500600,86,0.18146600
SHITOMASI,FREAK,2,1361,123,6.07844100,16.90439900,90,0.18074800
SHITOMASI,FREAK,3,1358,120,5.86742200,16.89742200,86,0.14723600
SHITOMASI,FREAK,4,1333,120,6.00284700,16.29639500,88,0.16111800
SHITOMASI,FREAK,5,1284,113,6.01557400,16.52512300,86,0.18197000
SHITOMASI,FREAK,6,1322,114,5.76696600,16.69767600,80,0.15668500
SHITOMASI,FREAK,7,1366,123,5.94210700,16.66604100,81,0.17749300
SHITOMASI,FREAK,8,1389,111,6.34779300,16.69143200,86,0.21279000
SHITOMASI,FREAK,9,1339,112,5.80662200,16.78683500,85,0.16536200

SHITOMASI,AKAZE,0,0,0,0.00000000,0.00000000,0,0.00000000
SHITOMASI,AKAZE,1,0,0,0.00000000,0.00000000,0,0.00000000
SHITOMASI,AKAZE,2,0,0,0.00000000,0.00000000,0,0.00000000
SHITOMASI,AKAZE,3,0,0,0.00000000,0.00000000,0,0.00000000
SHITOMASI,AKAZE,4,0,0,0.00000000,0.00000000,0,0.00000000
SHITOMASI,AKAZE,5,0,0,0.00000000,0.00000000,0,0.00000000
SHITOMASI,AKAZE,6,0,0,0.00000000,0.00000000,0,0.00000000
SHITOMASI,AKAZE,7,0,0,0.00000000,0.00000000,0,0.00000000
SHITOMASI,AKAZE,8,0,0,0.00000000,0.00000000,0,0.00000000
SHITOMASI,AKAZE,9,0,0,0.00000000,0.00000000,0,0.00000000

SHITOMASI,SIFT,0,1370,125,6.19874900,14.55643200,0,0.00000000
SHITOMASI,SIFT,1,1301,118,8.92514100,7.95824600,112,0.21593800
SHITOMASI,SIFT,2,1361,123,8.59224300,7.87338000,109,0.20610700
SHITOMASI,SIFT,3,1358,120,8.67785200,7.90985700,104,0.27670600
SHITOMASI,SIFT,4,1333,120,8.54606400,8.16531800,103,0.21791300
SHITOMASI,SIFT,5,1284,113,8.68776200,7.79724200,99,0.18584600
SHITOMASI,SIFT,6,1322,114,8.81330600,8.10668700,101,0.17999300
SHITOMASI,SIFT,7,1366,123,8.38884700,7.97321300,96,0.18976600
SHITOMASI,SIFT,8,1389,111,8.61803800,7.86658500,106,0.20425600
SHITOMASI,SIFT,9,1339,112,8.88488000,7.89479900,97,0.17986100

HARRIS,BRISK,0,115,17,9.80339700,0.30337500,0,0.00000000
HARRIS,BRISK,1,98,14,7.35699500,0.25022300,12,0.06990000
HARRIS,BRISK,2,113,18,7.32314000,0.28026100,10,0.06884900
HARRIS,BRISK,3,121,21,6.89896600,0.30507200,14,0.07176500
HARRIS,BRISK,4,160,26,7.39960900,0.34473600,15,0.07721600
HARRIS,BRISK,5,383,43,17.53266400,0.48798300,16,0.10033300
HARRIS,BRISK,6,85,18,6.56862200,0.28123700,16,0.08506800
HARRIS,BRISK,7,210,31,8.52344100,0.37602200,15,0.07528500
HARRIS,BRISK,8,171,26,7.53676500,0.33855500,23,0.08302900
HARRIS,BRISK,9,281,34,11.15050000,0.41982200,21,0.08324400

HARRIS,BRIEF,0,115,17,6.88803600,0.26623900,0,0.00000000
HARRIS,BRIEF,1,98,14,7.08984500,0.23541200,14,0.07719300
HARRIS,BRIEF,2,113,18,7.27761900,0.27350800,11,0.07073400
HARRIS,BRIEF,3,121,21,7.03800900,0.24326400,15,0.06990300
HARRIS,BRIEF,4,160,26,7.34762900,0.25069600,20,0.07189200
HARRIS,BRIEF,5,383,43,17.95150700,0.25291700,24,0.08135000
HARRIS,BRIEF,6,85,18,6.87873900,0.22900300,26,0.07684600
HARRIS,BRIEF,7,210,31,8.78502900,0.26275500,16,0.09299400
HARRIS,BRIEF,8,171,26,7.77973400,0.17456300,24,0.07832800
HARRIS,BRIEF,9,281,34,11.34428000,0.31470100,23,0.08345700

HARRIS,ORB,0,115,17,6.86319100,2.05064100,0,0.00000000
HARRIS,ORB,1,98,14,6.83542400,1.64217700,12,0.07224500
HARRIS,ORB,2,113,18,7.33900500,1.68662200,13,0.05966500
HARRIS,ORB,3,121,21,6.97853500,1.63739100,16,0.06396100
HARRIS,ORB,4,160,26,7.92701000,1.63424600,18,0.07258200
HARRIS,ORB,5,383,43,17.73578200,1.80394500,24,0.07371100
HARRIS,ORB,6,85,18,6.85324800,1.71126300,18,0.07816900
HARRIS,ORB,7,210,31,10.20266000,1.63913300,15,0.06929900
HARRIS,ORB,8,171,26,7.74879300,1.63574600,24,0.08335400
HARRIS,ORB,9,281,34,11.47505900,1.68810800,20,0.07403500

HARRIS,FREAK,0,115,17,7.15895300,19.25280700,0,0.00000000
HARRIS,FREAK,1,98,14,6.96651000,16.37609800,13,0.07178300
HARRIS,FREAK,2,113,18,6.89152100,15.62078900,13,0.06743900
HARRIS,FREAK,3,121,21,7.13988000,16.29443600,15,0.07597200
HARRIS,FREAK,4,160,26,7.41954500,16.39583500,15,0.09823200
HARRIS,FREAK,5,383,43,17.58210600,16.24107900,17,0.07807200
HARRIS,FREAK,6,85,18,6.77010400,15.97704300,20,0.07746800
HARRIS,FREAK,7,210,31,8.65076800,16.35400300,12,0.07231700
HARRIS,FREAK,8,171,26,7.55551500,16.28601900,21,0.07607600
HARRIS,FREAK,9,281,34,11.34275600,16.02953400,18,0.07937200

HARRIS,AKAZE,0,0,0,0.00000000,0.00000000,0,0.00000000
HARRIS,AKAZE,1,0,0,0.00000000,0.00000000,0,0.00000000
HARRIS,AKAZE,2,0,0,0.00000000,0.00000000,0,0.00000000
HARRIS,AKAZE,3,0,0,0.00000000,0.00000000,0,0.00000000
HARRIS,AKAZE,4,0,0,0.00000000,0.00000000,0,0.00000000
HARRIS,AKAZE,5,0,0,0.00000000,0.00000000,0,0.00000000
HARRIS,AKAZE,6,0,0,0.00000000,0.00000000,0,0.00000000
HARRIS,AKAZE,7,0,0,0.00000000,0.00000000,0,0.00000000
HARRIS,AKAZE,8,0,0,0.00000000,0.00000000,0,0.00000000
HARRIS,AKAZE,9,0,0,0.00000000,0.00000000,0,0.00000000

HARRIS,SIFT,0,115,17,6.84113500,12.43101800,0,0.00000000
HARRIS,SIFT,1,98,14,9.43571700,7.38319300,14,0.07090600
HARRIS,SIFT,2,113,18,9.32600300,7.47183300,11,0.06342600
HARRIS,SIFT,3,121,21,9.49909900,7.23132500,16,0.06688700
HARRIS,SIFT,4,160,26,9.82909200,7.19759900,19,0.07058900
HARRIS,SIFT,5,383,43,20.35619100,7.37815800,22,0.10158100
HARRIS,SIFT,6,85,18,9.14780800,7.18773200,22,0.09786300
HARRIS,SIFT,7,210,31,10.85741000,7.28838300,13,0.07042800
HARRIS,SIFT,8,171,26,10.18132900,7.26231000,24,0.08063200
HARRIS,SIFT,9,281,34,13.78559700,7.43678500,22,0.07886700

FAST,BRISK,0,1824,149,0.62193300,1.23633600,0,0.00000000
FAST,BRISK,1,1832,152,0.61018800,1.24982000,97,0.21268500
FAST,BRISK,2,1810,150,0.59672300,1.25068000,104,0.20900100
FAST,BRISK,3,1817,155,0.59892900,1.27274300,101,0.21539200
FAST,BRISK,4,1793,149,0.59403000,1.25566300,98,0.22343400
FAST,BRISK,5,1796,149,0.59728900,1.22742200,85,0.20268500
FAST,BRISK,6,1788,156,0.60002700,1.28791800,107,0.25610400
FAST,BRISK,7,1695,150,0.59678500,1.23620900,107,0.21703900
FAST,BRISK,8,1749,138,0.60521800,1.14527700,100,0.24293500
FAST,BRISK,9,1770,143,0.60333200,1.19994300,100,0.23503200

FAST,BRIEF,0,1824,149,0.61031200,0.41505100,0,0.00000000
FAST,BRIEF,1,1832,152,0.64009600,0.37914700,119,0.18439700
FAST,BRIEF,2,1810,150,0.59315400,0.37721700,130,0.22295300
FAST,BRIEF,3,1817,155,0.53872400,0.34042700,118,0.19848900
FAST,BRIEF,4,1793,149,0.53837300,0.37075100,126,0.20401100
FAST,BRIEF,5,1796,149,0.57985800,0.35926800,108,0.20328400
FAST,BRIEF,6,1788,156,0.54069900,0.42490900,123,0.20671600
FAST,BRIEF,7,1695,150,0.57646100,0.40257200,131,0.20460800
FAST,BRIEF,8,1749,138,0.54425200,0.69214600,125,0.22061500
FAST,BRIEF,9,1770,143,0.59579500,0.33347300,119,0.19509800

FAST,ORB,0,1824,149,0.58964000,2.03618300,0,0.00000000
FAST,ORB,1,1832,152,0.58127700,1.78752500,122,0.20106500
FAST,ORB,2,1810,150,0.54527900,1.74436600,122,0.20740200
FAST,ORB,3,1817,155,0.54045900,1.72114400,115,0.21631000
FAST,ORB,4,1793,149,0.57262700,1.75700100,129,0.21011100
FAST,ORB,5,1796,149,0.59822000,1.74577200,107,0.19029800
FAST,ORB,6,1788,156,0.53860000,1.76037400,120,0.19746000
FAST,ORB,7,1695,150,0.53735800,1.73202300,126,0.20092700
FAST,ORB,8,1749,138,0.54341500,1.84177800,122,0.19693100
FAST,ORB,9,1770,143,0.54315800,1.71872500,118,0.17903600

FAST,FREAK,0,1824,149,0.57704400,20.20001700,0,0.00000000
FAST,FREAK,1,1832,152,0.60731300,16.59470500,98,0.19619100
FAST,FREAK,2,1810,150,0.56461900,16.73193300,99,0.21607300
FAST,FREAK,3,1817,155,0.66844600,16.89059600,91,0.20127400
FAST,FREAK,4,1793,149,0.60090400,16.64282400,98,0.19690400
FAST,FREAK,5,1796,149,0.59195000,17.02664600,85,0.20356400
FAST,FREAK,6,1788,156,0.60072700,17.05641600,99,0.22924800
FAST,FREAK,7,1695,150,0.59538300,16.57428400,102,0.20690100
FAST,FREAK,8,1749,138,0.60476200,16.81400600,101,0.19255900
FAST,FREAK,9,1770,143,0.60471600,16.55283700,105,0.18786400

FAST,AKAZE,0,0,0,0.00000000,0.00000000,0,0.00000000
FAST,AKAZE,1,0,0,0.00000000,0.00000000,0,0.00000000
FAST,AKAZE,2,0,0,0.00000000,0.00000000,0,0.00000000
FAST,AKAZE,3,0,0,0.00000000,0.00000000,0,0.00000000
FAST,AKAZE,4,0,0,0.00000000,0.00000000,0,0.00000000
FAST,AKAZE,5,0,0,0.00000000,0.00000000,0,0.00000000
FAST,AKAZE,6,0,0,0.00000000,0.00000000,0,0.00000000
FAST,AKAZE,7,0,0,0.00000000,0.00000000,0,0.00000000
FAST,AKAZE,8,0,0,0.00000000,0.00000000,0,0.00000000
FAST,AKAZE,9,0,0,0.00000000,0.00000000,0,0.00000000

FAST,SIFT,0,1824,149,0.56892400,12.42276100,0,0.00000000
FAST,SIFT,1,1832,152,0.61046700,8.78489300,118,0.29582600
FAST,SIFT,2,1810,150,0.60106200,8.77669600,123,0.28138200
FAST,SIFT,3,1817,155,0.68856700,8.77213900,110,0.26212800
FAST,SIFT,4,1793,149,0.57444900,8.75885100,119,0.24942200
FAST,SIFT,5,1796,149,0.55915900,8.55698800,114,0.28404200
FAST,SIFT,6,1788,156,0.55978900,8.57761300,119,0.30105200
FAST,SIFT,7,1695,150,0.59826200,8.54219300,123,0.28375900
FAST,SIFT,8,1749,138,0.55804800,8.80681300,117,0.24018100
FAST,SIFT,9,1770,143,0.54353800,8.55269400,103,0.25991700

BRISK,BRISK,0,2757,264,36.70863100,2.16510600,0,0.00000000
BRISK,BRISK,1,2777,282,30.48360200,2.29951300,171,0.46139000
BRISK,BRISK,2,2741,282,30.20068400,2.30382100,176,0.53202700
BRISK,BRISK,3,2735,277,30.46805500,2.32051900,157,0.44512400
BRISK,BRISK,4,2757,297,30.37375100,2.48436300,176,0.46052600
BRISK,BRISK,5,2695,279,30.16116600,2.29337000,174,0.46257100
BRISK,BRISK,6,2715,289,30.30505900,2.41974200,188,0.44459600
BRISK,BRISK,7,2628,272,30.01731900,2.27836200,173,0.45042400
BRISK,BRISK,8,2639,266,29.89979200,2.24265200,171,0.42641900
BRISK,BRISK,9,2672,254,30.04031500,2.09264400,184,0.39859400

BRISK,BRIEF,0,2757,264,30.40478400,0.54084300,0,0.00000000
BRISK,BRIEF,1,2777,282,30.60147900,0.56299600,178,0.39585000
BRISK,BRIEF,2,2741,282,30.30778600,0.58071300,205,0.43626200
BRISK,BRIEF,3,2735,277,30.22132000,0.55251500,185,0.41773600
BRISK,BRIEF,4,2757,297,30.62122200,0.58411800,179,0.43047100
BRISK,BRIEF,5,2695,279,30.10918900,0.55903100,183,0.40593200
BRISK,BRIEF,6,2715,289,30.26909500,0.58499200,195,0.43121300
BRISK,BRIEF,7,2628,272,29.62829100,0.55805600,207,0.42748500
BRISK,BRIEF,8,2639,266,30.31143800,0.53775700,189,0.40949600
BRISK,BRIEF,9,2672,254,29.87229500,0.51999000,183,0.36913200

BRISK,ORB,0,2757,264,30.62119900,7.63224500,0,0.00000000
BRISK,ORB,1,2777,282,30.71719200,5.83140400,160,0.40777900
BRISK,ORB,2,2741,282,30.17719400,5.73271000,171,0.42582000
BRISK,ORB,3,2735,277,31.24921500,5.82686300,157,0.41934000
BRISK,ORB,4,2757,297,30.41171000,5.81646700,170,0.43934300
BRISK,ORB,5,2695,279,30.17833600,5.70201700,154,0.41813400
BRISK,ORB,6,2715,289,30.19817400,5.77244200,180,0.42250600
BRISK,ORB,7,2628,272,30.00315000,5.81681900,171,0.43300900
BRISK,ORB,8,2639,266,29.97953900,5.81306200,175,0.40024900
BRISK,ORB,9,2672,254,29.93097400,5.78933300,172,0.38257200

BRISK,FREAK,0,2757,264,30.64583000,19.88582200,0,0.00000000
BRISK,FREAK,1,2777,282,32.78571200,19.94680700,160,0.42421200
BRISK,FREAK,2,2741,282,31.79063200,19.94180300,177,0.38701000
BRISK,FREAK,3,2735,277,31.11086500,19.36585300,155,0.41129800
BRISK,FREAK,4,2757,297,31.43121900,19.42559900,173,0.42506900
BRISK,FREAK,5,2695,279,31.31353700,19.89611500,161,0.39180500
BRISK,FREAK,6,2715,289,31.05800600,19.84873600,183,0.41187000
BRISK,FREAK,7,2628,272,30.96010000,19.74100100,169,0.41722700
BRISK,FREAK,8,2639,266,30.60345600,19.27544400,178,0.38256100
BRISK,FREAK,9,2672,254,31.07477600,19.71501900,168,0.35303600

BRISK,AKAZE,0,0,0,0.00000000,0.00000000,0,0.00000000
BRISK,AKAZE,1,0,0,0.00000000,0.00000000,0,0.00000000
BRISK,AKAZE,2,0,0,0.00000000,0.00000000,0,0.00000000
BRISK,AKAZE,3,0,0,0.00000000,0.00000000,0,0.00000000
BRISK,AKAZE,4,0,0,0.00000000,0.00000000,0,0.00000000
BRISK,AKAZE,5,0,0,0.00000000,0.00000000,0,0.00000000
BRISK,AKAZE,6,0,0,0.00000000,0.00000000,0,0.00000000
BRISK,AKAZE,7,0,0,0.00000000,0.00000000,0,0.00000000
BRISK,AKAZE,8,0,0,0.00000000,0.00000000,0,0.00000000
BRISK,AKAZE,9,0,0,0.00000000,0.00000000,0,0.00000000

BRISK,SIFT,0,2757,264,31.77528400,23.25498800,0,0.00000000
BRISK,SIFT,1,2777,282,32.26877900,21.31037300,182,0.61538500
BRISK,SIFT,2,2741,282,32.70127100,21.17015200,193,0.64428900
BRISK,SIFT,3,2735,277,31.88300300,22.03283100,169,0.59439100
BRISK,SIFT,4,2757,297,32.00127200,22.58981300,183,0.61927300
BRISK,SIFT,5,2695,279,31.91822200,21.80812500,171,0.65287600
BRISK,SIFT,6,2715,289,31.98956400,21.74338000,195,0.64264900
BRISK,SIFT,7,2628,272,31.12552500,21.73575500,194,0.63337700
BRISK,SIFT,8,2639,266,31.84401300,21.94619400,176,0.61210000
BRISK,SIFT,9,2672,254,31.90277500,21.20945400,183,0.51465300

ORB,BRISK,0,500,92,29.38366400,0.87006600,0,0.00000000
ORB,BRISK,1,500,102,4.49572100,0.91818400,73,0.14853300
ORB,BRISK,2,500,106,4.37124900,0.91741900,74,0.14608700
ORB,BRISK,3,500,113,4.41748500,0.99190800,79,0.17840000
ORB,BRISK,4,500,109,4.30908000,0.97323900,85,0.15093500
ORB,BRISK,5,500,125,4.39347600,1.09368800,79,0.15892100
ORB,BRISK,6,500,130,4.36226100,1.11363500,92,0.17454600
ORB,BRISK,7,500,129,4.34126800,1.12042200,90,0.19394200
ORB,BRISK,8,500,127,4.42078100,1.09748300,88,0.16838700
ORB,BRISK,9,500,128,4.49044300,1.10587000,91,0.15397000

ORB,BRIEF,0,500,92,5.08554600,0.42785600,0,0.00000000
ORB,BRIEF,1,500,102,4.38835800,0.30909600,49,0.14076300
ORB,BRIEF,2,500,106,4.31336400,0.28214500,43,0.14217500
ORB,BRIEF,3,500,113,4.69257500,0.33016500,45,0.15108900
ORB,BRIEF,4,500,109,4.43817600,0.30346200,59,0.13847500
ORB,BRIEF,5,500,125,4.35979200,0.32107500,53,0.15252700
ORB,BRIEF,6,500,130,4.34142600,0.41554600,78,0.19347900
ORB,BRIEF,7,500,129,4.60341700,0.32280400,68,0.17326700
ORB,BRIEF,8,500,127,4.68076600,0.32036400,84,0.16156700
ORB,BRIEF,9,500,128,4.43543300,0.31785600,66,0.16208400

ORB,ORB,0,500,92,4.34004900,6.30224700,0,0.00000000
ORB,ORB,1,500,102,4.30650600,5.89111100,65,0.13615300
ORB,ORB,2,500,106,4.50072700,6.04876800,69,0.14077300
ORB,ORB,3,500,113,4.48817800,6.02572200,71,0.14538500
ORB,ORB,4,500,109,4.74274700,6.11296400,85,0.15363200
ORB,ORB,5,500,125,4.42174100,6.46177300,91,0.16019200
ORB,ORB,6,500,130,4.45042400,6.22741600,101,0.16646900
ORB,ORB,7,500,129,4.41282600,6.10742700,95,0.17575800
ORB,ORB,8,500,127,4.60509300,6.45351400,93,0.17101900
ORB,ORB,9,500,128,4.49808700,6.09930300,91,0.16438500

ORB,FREAK,0,500,92,4.30205200,19.46363000,0,0.00000000
ORB,FREAK,1,500,102,4.43557900,16.22083300,42,0.08945400
ORB,FREAK,2,500,106,4.81422600,16.58812500,36,0.09750300
ORB,FREAK,3,500,113,4.43760600,17.13133100,44,0.11885800
ORB,FREAK,4,500,109,4.38118500,16.54422200,47,0.11971900
ORB,FREAK,5,500,125,4.72529100,16.37852000,44,0.09171300
ORB,FREAK,6,500,130,4.36180600,16.59315600,51,0.11531000
ORB,FREAK,7,500,129,4.69617100,16.81345600,52,0.10134700
ORB,FREAK,8,500,127,4.78218700,16.90171500,48,0.12131500
ORB,FREAK,9,500,128,4.54224700,16.78828200,56,0.10238100

ORB,AKAZE,0,0,0,0.00000000,0.00000000,0,0.00000000
ORB,AKAZE,1,0,0,0.00000000,0.00000000,0,0.00000000
ORB,AKAZE,2,0,0,0.00000000,0.00000000,0,0.00000000
ORB,AKAZE,3,0,0,0.00000000,0.00000000,0,0.00000000
ORB,AKAZE,4,0,0,0.00000000,0.00000000,0,0.00000000
ORB,AKAZE,5,0,0,0.00000000,0.00000000,0,0.00000000
ORB,AKAZE,6,0,0,0.00000000,0.00000000,0,0.00000000
ORB,AKAZE,7,0,0,0.00000000,0.00000000,0,0.00000000
ORB,AKAZE,8,0,0,0.00000000,0.00000000,0,0.00000000
ORB,AKAZE,9,0,0,0.00000000,0.00000000,0,0.00000000

ORB,SIFT,0,500,92,4.59530100,22.12840200,0,0.00000000
ORB,SIFT,1,500,102,4.60934600,18.85817600,67,0.14198900
ORB,SIFT,2,500,106,4.39394000,19.79259900,79,0.20451500
ORB,SIFT,3,500,113,4.39142400,19.54617500,78,0.21669300
ORB,SIFT,4,500,109,4.79143600,18.59979600,79,0.20052000
ORB,SIFT,5,500,125,4.39250500,20.07484200,82,0.17972700
ORB,SIFT,6,500,130,4.55713300,19.88209500,95,0.23952700
ORB,SIFT,7,500,129,4.91794300,21.14173700,95,0.25172500
ORB,SIFT,8,500,127,4.70081400,21.31995400,94,0.22766900
ORB,SIFT,9,500,128,4.45637500,20.25956700,94,0.20373000

AKAZE,BRISK,0,1351,166,44.65068000,1.58112700,0,0.00000000
AKAZE,BRISK,1,1327,157,42.32265000,1.37266700,137,0.22311100
AKAZE,BRISK,2,1311,161,43.15923600,2.23548500,125,0.22383900
AKAZE,BRISK,3,1351,155,41.88092100,1.35409700,129,0.23037000
AKAZE,BRISK,4,1360,163,42.65740500,2.25870800,129,0.25414000
AKAZE,BRISK,5,1347,164,42.78729900,2.29062600,131,0.25327100
AKAZE,BRISK,6,1363,173,42.27780100,2.31942000,132,0.27124500
AKAZE,BRISK,7,1331,175,40.98586900,1.50192200,142,0.28116300
AKAZE,BRISK,8,1358,177,41.52347700,2.38468700,146,0.26286300
AKAZE,BRISK,9,1331,179,43.24648000,2.48472900,144,0.26534800

AKAZE,BRIEF,0,1351,166,45.43640700,1.21398300,0,0.00000000
AKAZE,BRIEF,1,1327,157,40.20266800,1.34159200,141,0.21273500
AKAZE,BRIEF,2,1311,161,39.65675200,1.20759500,134,0.22543000
AKAZE,BRIEF,3,1351,155,40.41840400,1.25864400,131,0.22516900
AKAZE,BRIEF,4,1360,163,40.49650100,1.27708400,130,0.21513600
AKAZE,BRIEF,5,1347,164,40.26416900,1.16534300,134,0.21306800
AKAZE,BRIEF,6,1363,173,40.47551600,1.64604900,146,0.24438300
AKAZE,BRIEF,7,1331,175,40.00345000,1.41254700,150,0.25397900
AKAZE,BRIEF,8,1358,177,40.19619400,1.25555200,148,0.23521600
AKAZE,BRIEF,9,1331,179,38.84773100,1.29176000,152,0.24425700

AKAZE,ORB,0,1351,166,41.70725700,4.34202100,0,0.00000000
AKAZE,ORB,1,1327,157,39.86993900,4.38887700,130,0.21972900
AKAZE,ORB,2,1311,161,41.21268000,4.42615000,129,0.20308700
AKAZE,ORB,3,1351,155,40.18867300,4.37331400,128,0.19830000
AKAZE,ORB,4,1360,163,41.80276400,4.35308500,115,0.21607100
AKAZE,ORB,5,1347,164,41.40237700,4.33531200,132,0.20894000
AKAZE,ORB,6,1363,173,40.39992500,4.39883600,132,0.21769900
AKAZE,ORB,7,1331,175,46.21627800,4.61804900,137,0.24008000
AKAZE,ORB,8,1358,177,41.01689600,4.57745600,137,0.23883300
AKAZE,ORB,9,1331,179,40.75907200,4.75269700,146,0.22074100

AKAZE,FREAK,0,1351,166,42.28419600,20.32364200,0,0.00000000
AKAZE,FREAK,1,1327,157,42.50441500,20.08102200,126,0.21216500
AKAZE,FREAK,2,1311,161,42.28054400,20.11826900,129,0.21024200
AKAZE,FREAK,3,1351,155,41.78889200,20.14938800,127,0.23590200
AKAZE,FREAK,4,1360,163,41.99748300,20.29885600,121,0.22721300
AKAZE,FREAK,5,1347,164,41.57191700,20.36855600,122,0.24213800
AKAZE,FREAK,6,1363,173,43.20193300,20.33816300,133,0.25295500
AKAZE,FREAK,7,1331,175,41.87209100,20.47018400,144,0.25609300
AKAZE,FREAK,8,1358,177,43.26507800,20.36230400,147,0.23333200
AKAZE,FREAK,9,1331,179,42.04288800,20.40134300,138,0.22302000

AKAZE,AKAZE,0,1351,166,43.71187200,33.40343100,0,0.00000000
AKAZE,AKAZE,1,1327,157,39.65238700,33.04282600,138,0.23684300
AKAZE,AKAZE,2,1311,161,38.94466100,32.85420800,138,0.20997700
AKAZE,AKAZE,3,1351,155,39.33806500,32.93701100,133,0.21714900
AKAZE,AKAZE,4,1360,163,40.45515000,32.76930300,127,0.25555500
AKAZE,AKAZE,5,1347,164,39.58594000,33.19338000,129,0.26800800
AKAZE,AKAZE,6,1363,173,40.15221500,31.72426600,146,0.25185600
AKAZE,AKAZE,7,1331,175,39.31392800,33.58169400,147,0.23380000
AKAZE,AKAZE,8,1358,177,38.94265000,33.23132900,151,0.24462600
AKAZE,AKAZE,9,1331,179,39.33408200,33.96934000,150,0.25205000

AKAZE,SIFT,0,1351,166,43.56688500,13.66279700,0,0.00000000
AKAZE,SIFT,1,1327,157,44.80345000,13.57694200,134,0.28376000
AKAZE,SIFT,2,1311,161,44.59707600,13.86731200,134,0.27902300
AKAZE,SIFT,3,1351,155,44.23891700,13.77012900,130,0.29064900
AKAZE,SIFT,4,1360,163,44.06067700,13.93582600,136,0.32623800
AKAZE,SIFT,5,1347,164,44.65202300,13.64911200,137,0.28173900
AKAZE,SIFT,6,1363,173,44.62108600,13.95318300,147,0.34158000
AKAZE,SIFT,7,1331,175,44.82286300,14.11955500,147,0.32592700
AKAZE,SIFT,8,1358,177,44.49049100,14.00780400,154,0.31804200
AKAZE,SIFT,9,1331,179,44.24969700,14.01368300,151,0.35666400

SIFT,BRISK,0,1438,138,81.44222100,1.83309900,0,0.00000000
SIFT,BRISK,1,1371,132,59.11633200,1.86022900,64,0.21742000
SIFT,BRISK,2,1380,124,58.58666400,1.77761500,66,0.23564800
SIFT,BRISK,3,1335,137,59.15824200,1.81929200,62,0.18600500
SIFT,BRISK,4,1305,134,59.95405600,1.80655400,66,0.19787900
SIFT,BRISK,5,1369,140,59.15360300,1.97636900,59,0.20657500
SIFT,BRISK,6,1396,137,59.18725700,1.83368100,64,0.19392400
SIFT,BRISK,7,1382,148,59.40694900,1.89549300,64,0.20015100
SIFT,BRISK,8,1463,159,59.96047300,1.98407100,67,0.22857900
SIFT,BRISK,9,1422,137,59.91269600,1.87340600,80,0.21031100

SIFT,BRIEF,0,1438,138,60.00354400,0.42519000,0,0.00000000
SIFT,BRIEF,1,1371,132,57.54528400,0.43629600,86,0.14679200
SIFT,BRIEF,2,1380,124,58.79391400,0.47145800,78,0.16085200
SIFT,BRIEF,3,1335,137,74.11509700,0.48201800,76,0.16684900
SIFT,BRIEF,4,1305,134,69.17618800,0.45631300,85,0.17343900
SIFT,BRIEF,5,1369,140,57.59347000,0.40925700,69,0.19260400
SIFT,BRIEF,6,1396,137,57.92403900,0.41795800,74,0.19601900
SIFT,BRIEF,7,1382,148,57.56945200,0.42031000,76,0.19479700
SIFT,BRIEF,8,1463,159,57.34876200,0.55789000,70,0.21889900
SIFT,BRIEF,9,1422,137,56.87130400,0.53830200,88,0.20669600

SIFT,ORB,0,0,0,0.00000000,0.00000000,0,0.00000000
SIFT,ORB,1,0,0,0.00000000,0.00000000,0,0.00000000
SIFT,ORB,2,0,0,0.00000000,0.00000000,0,0.00000000
SIFT,ORB,3,0,0,0.00000000,0.00000000,0,0.00000000
SIFT,ORB,4,0,0,0.00000000,0.00000000,0,0.00000000
SIFT,ORB,5,0,0,0.00000000,0.00000000,0,0.00000000
SIFT,ORB,6,0,0,0.00000000,0.00000000,0,0.00000000
SIFT,ORB,7,0,0,0.00000000,0.00000000,0,0.00000000
SIFT,ORB,8,0,0,0.00000000,0.00000000,0,0.00000000
SIFT,ORB,9,0,0,0.00000000,0.00000000,0,0.00000000

SIFT,FREAK,0,1438,138,57.72723500,19.55313300,0,0.00000000
SIFT,FREAK,1,1371,132,57.18050300,19.25893100,65,0.19388000
SIFT,FREAK,2,1380,124,57.02934300,19.51906200,72,0.22147600
SIFT,FREAK,3,1335,137,58.88515100,19.29647400,64,0.19970500
SIFT,FREAK,4,1305,134,57.00857300,19.22047200,66,0.20157300
SIFT,FREAK,5,1369,140,58.46187600,19.25938000,59,0.19818400
SIFT,FREAK,6,1396,137,57.31984000,19.52759900,59,0.19643600
SIFT,FREAK,7,1382,148,56.55653600,19.60264100,64,0.20204000
SIFT,FREAK,8,1463,159,56.89937400,19.87170000,65,0.22080300
SIFT,FREAK,9,1422,137,56.58227800,19.23607000,79,0.21359700

SIFT,AKAZE,0,0,0,0.00000000,0.00000000,0,0.00000000
SIFT,AKAZE,1,0,0,0.00000000,0.00000000,0,0.00000000
SIFT,AKAZE,2,0,0,0.00000000,0.00000000,0,0.00000000
SIFT,AKAZE,3,0,0,0.00000000,0.00000000,0,0.00000000
SIFT,AKAZE,4,0,0,0.00000000,0.00000000,0,0.00000000
SIFT,AKAZE,5,0,0,0.00000000,0.00000000,0,0.00000000
SIFT,AKAZE,6,0,0,0.00000000,0.00000000,0,0.00000000
SIFT,AKAZE,7,0,0,0.00000000,0.00000000,0,0.00000000
SIFT,AKAZE,8,0,0,0.00000000,0.00000000,0,0.00000000
SIFT,AKAZE,9,0,0,0.00000000,0.00000000,0,0.00000000

SIFT,SIFT,0,1438,138,56.72440200,39.66111800,0,0.00000000
SIFT,SIFT,1,1371,132,58.16413800,39.83778900,82,0.24010200
SIFT,SIFT,2,1380,124,57.24086600,39.72790700,81,0.23178900
SIFT,SIFT,3,1335,137,58.16219100,40.66186000,85,0.25132200
SIFT,SIFT,4,1305,134,57.64822700,39.90324900,93,0.25138300
SIFT,SIFT,5,1369,140,57.01454800,39.82219700,90,0.24794300
SIFT,SIFT,6,1396,137,57.89584000,39.94535100,81,0.23655700
SIFT,SIFT,7,1382,148,57.02541300,39.84443300,82,0.24693900
SIFT,SIFT,8,1463,159,57.50219200,39.66390300,102,0.27150900
SIFT,SIFT,9,1422,137,58.65842200,39.84556900,104,0.28865000

